smiles,logP,Temperature
O=c1[nH]cc(F)c(=O)[nH]1,-0.89,22.0
O=c1[nH]cc(F)c(=O)[nH]1,-0.89,25.0
O=c1[nH]cc(F)c(=O)[nH]1,-0.89,37.0
CC(=O)N=c1[nH]nc(S(N)(=O)=O)s1,-0.26,25.0
CC(=O)N=c1[nH]nc(S(N)(=O)=O)s1,-0.26,35.0
O=C(O)C(=O)CC(O)O,-1.26,20.0
O=C(O)C(=O)CC(O)O,-1.26,25.0
NC(=O)CC(N)C(=O)O,-3.41,25.0
O=c1[nH]cnc2[nH]cnc12,-1.11,23.0
O=C(O)c1ccsc1,1.5,25.0
CNS(=O)(=O)c1n[nH]c(=NC(C)=O)s1,0.49,35.0
CC(=O)/N=c1\sc(S(N)(=O)=O)nn1C,0.13,22.0
CC(=O)/N=c1\sc(S(N)(=O)=O)nn1C,0.13,25.0
O=C(O)C1CCCN1,-2.5,25.0
CCCC(N)C(=O)O,-2.11,20.0
N=c1c(Cl)c(Cl)[nH]c(C(=O)O)c1Cl,0.3,10.0
N=c1c(Cl)c(Cl)[nH]c(C(=O)O)c1Cl,0.3,20.0
N=c1c(Cl)c(Cl)[nH]c(C(=O)O)c1Cl,0.3,30.0
N=c1c(Cl)c(Cl)[nH]c(C(=O)O)c1Cl,0.3,40.0
O=[N+]([O-])c1cccc([N+](=O)[O-])c1O,1.37,15.0
COC(=O)n1cc(F)c(=O)[nH]c1=O,-0.68,22.0
CNC(=O)n1cc(F)c(=O)[nH]c1=O,-0.2,22.0
O=[PH](=O)(O)c1ccccc1,0.54,15.0
Nc1ccc(S(N)(=O)=O)cc1,-0.62,37.0
CCc1c(O)[nH]c(=O)[nH]c1=O,-0.35,25.0
Cc1ncc([N+](=O)[O-])n1CCO,-0.02,25.0
N=c1[nH]c(=N)[nH]c(=NC2CC2)[nH]1,-0.06,20.0
N=c1[nH]c(=N)[nH]c(=NC2CC2)[nH]1,-0.06,25.0
CCCCCC(O)/C=C/C1C(O)CC(O)C1C/C=C/CCCC(=O)O,2.72,25.0
O=C(CCCN1CCC(O)(c2ccc(Cl)cc2)CC1)c1ccc(F)cc1,3.36,37.0
O=C(CCCN1CCC(O)(c2ccc(Cl)cc2)CC1)c1ccc(F)cc1,4.3,37.0
CCC(=O)N(c1ccccc1)C1CCN(CCc2ccccc2)CC1,4.37,25.0
CCC(=O)N(c1ccccc1)C1CCN(CCc2ccccc2)CC1,4.37,35.0
CCC(=O)N(c1ccccc1)C1(COC)CCN(CCc2cccs2)CC1,3.95,35.0
CCC(=O)N(c1ccccc1)C1(COC)CCN(CCc2cccs2)CC1,3.95,25.0
C[C@H](CCC(=O)O)[C@H]1CC[C@H]2[C@@H]3CC[C@@H]4C[C@H](O)CC[C@]4(C)[C@H]3C[C@H](O)C21C,3.5,37.0
C[C@H](CCC(=O)O)[C@H]1CC[C@H]2[C@@H]3CC[C@@H]4C[C@H](O)CC[C@]4(C)[C@H]3C[C@H](O)C21C,3.5,20.0
CC(CCC(=O)O)C1CCC2C3C(O)CC4CC(O)CCC4(C)C3CCC12C,4.15,20.0
CC(CCC(=O)O)C1CCC2C3C(O)CC4CC(O)CCC4(C)C3CCC12C,4.15,30.0
CC(CCC(=O)O)C1CCC2C3C(O)CC4CC(O)CCC4(C)C3CCC12C,4.15,37.0
CC(CCC(=O)O)C1CCC2C3C(O)CC4CC(O)CCC4(C)C3CC(O)C12C,2.39,30.0
C(=C/c1ccccc1)\CN1CCN(C(c2ccccc2)c2ccccc2)CC1,5.77,25.0
Oc1c(Cl)cc(Cl)c(Cl)c1Cl,4.45,25.0
Nc1ccc(S(N)(=O)=O)cc1,-0.62,20.0
Nc1ccc(S(N)(=O)=O)cc1,-0.62,25.0
NS(=O)(=O)c1cc2c(cc1Cl)N=CNS2(=O)=O,-0.24,15.0
NS(=O)(=O)c1cc2c(cc1Cl)N=CNS2(=O)=O,-0.24,25.0
NS(=O)(=O)c1cc2c(cc1Cl)N=CNS2(=O)=O,-0.24,37.0
NS(=O)(=O)c1cc2c(cc1Cl)NCNS2(=O)=O,-0.07,15.0
NS(=O)(=O)c1cc2c(cc1Cl)NCNS2(=O)=O,-0.07,25.0
NS(=O)(=O)c1cc2c(cc1Cl)NCNS2(=O)=O,-0.07,37.0
NCCc1ccc(O)c(O)c1,-2.0,20.0
CCN=c1nc(OC)[nH]c(=NCC)[nH]1,1.82,26.0
CCN=c1nc(C)[nH]c(=NCC)[nH]1,1.82,21.0
CCN=c1nc(SC)[nH]c(=NCC)[nH]1,2.54,26.0
N#Cc1ccc(C(=O)O)cc1,1.56,25.0
O=C(O)c1cccc(C(=O)O)c1,1.66,25.0
O=C(O)c1ccc(C(=O)O)cc1,2.0,25.0
COc1ccc(C(=O)O)c(O)c1,2.99,25.0
COc1ccc(O)c(C(=O)O)c1,2.78,25.0
NS(=O)(=O)c1nc2ccc(Cl)cc2s1,2.1,37.0
O=C(O)c1ccccc1I,2.4,15.0
O=C(OCCCl)n1cc(F)c(=O)[nH]c1=O,0.02,22.0
NS(=O)(=O)c1nc2ccccc2s1,1.33,37.0
NS(=O)(=O)c1nc2ccc(O)cc2s1,1.13,37.0
Cc1cc([N+](=O)[O-])cc([N+](=O)[O-])c1O,2.13,20.0
O=C(O)c1ccccc1,1.87,20.0
O=C(O)c1ccccc1,1.87,22.0
O=C(O)c1ccccc1,1.87,25.0
O=C(O)c1ccccc1O,2.26,22.0
O=C(O)c1ccccc1O,2.26,21.0
Cn1c(=O)c2[nH]c(Cl)nc2n(C)c1=O,-0.85,37.0
CCC(=O)n1c(=O)[nH]cc(F)c1=O,0.19,22.0
CCOC(=O)n1c(=O)[nH]cc(F)c1=O,0.11,22.0
CC(=O)OCn1cc(F)c(=O)[nH]c1=O,-0.67,22.0
CC(=O)OCn1c(=O)[nH]cc(F)c1=O,-0.42,22.0
CCOC(=O)n1cc(F)c(=O)[nH]c1=O,-0.17,22.0
NS(=O)(=O)c1cc2c(s1)C(=O)CCS2,0.91,25.0
NS(=O)(=O)c1cc2c(s1)SCCC2=O,0.74,25.0
NS(=O)(=O)c1cc2c(s1)S(=O)(=O)CCC2=O,-0.04,25.0
NS(=O)(=O)c1cc2c(s1)C(=O)CCS2(=O)=O,-0.2,25.0
CNS(=O)(=O)c1ccc(Cl)cc1,1.92,35.0
CN(C)C(=O)n1cc(F)c(=O)[nH]c1=O,-0.37,22.0
CCNC(=O)n1cc(F)c(=O)[nH]c1=O,0.35,22.0
Cn1c(=O)c2[nH]cnc2n(C)c1=O,-0.02,37.0
NS(=O)(=O)c1cc2c(s1)C(O)CCS2,0.48,25.0
NS(=O)(=O)c1cc2c(s1)SCCC2O,0.68,25.0
NS(=O)(=O)c1cc2c(s1)S(=O)(=O)CC(O)C2,-0.44,25.0
NS(=O)(=O)c1cc2c(s1)C(O)CCS2(=O)=O,-0.59,25.0
NS(=O)(=O)c1cc2c(s1)CC(O)CS2(=O)=O,-0.7,25.0
CCN=c1nc(Cl)[nH]c(=NCC)[nH]1,2.18,26.0
O=C1NC(=O)c2ccccc21,1.15,25.0
N#Cc1cccc(C(=O)O)c1,1.48,25.0
O=C(O)COc1ccc(Cl)cc1Cl,2.81,25.0
O=c1[nH]c(O)cn1/N=C/c1ccc([N+](=O)[O-])o1,-0.47,37.0
O=c1[nH]c(O)cn1/N=C/c1ccc([N+](=O)[O-])o1,-0.47,25.0
O=c1[nH]c(O)cn1/N=C/c1ccc([N+](=O)[O-])o1,-0.47,22.0
COC(=O)c1ccccc1O,2.36,21.0
COc1cc(C(=O)O)ccc1O,1.43,14.0
CC(=O)NS(=O)(=O)c1ccc(N)cc1,-0.96,37.0
CC(=O)Nc1ccc(S(N)(=O)=O)cc1,-0.04,20.0
CC(=O)NS(=O)(=O)c1ccc(N)cc1,-0.96,20.0
NCCc1ccc(O)cc1,-2.12,15.0
CNS(=O)(=O)c1ccc(C)cc1,1.28,22.0
N=c1[nH]c(=O)c2ncn(COCCO)c2[nH]1,-1.56,37.0
CCC1(CC)C(=O)NC(=O)NC1=O,0.65,33.0
CCC1(CC)C(=O)NC(=O)NC1=O,0.65,30.0
CCC1(CC)C(=O)NC(=O)NC1=O,0.65,25.0
N=C(N)N=c1[nH]c(CSCCC(=N)NS(N)(=O)=O)cs1,-0.56,25.0
N#CC(C#N)=NNc1ccc(Cl)cc1,3.39,25.0
N#CC(C#N)=NNc1cccc(Cl)c1,3.38,25.0
N#CC(C#N)=NNc1ccccc1[N+](=O)[O-],2.9,25.0
N#CC(C#N)=NNc1ccc([N+](=O)[O-])cc1,2.37,25.0
CC(=O)c1ccc(N)cc1,0.83,37.0
N#CC(C#N)=NNc1ccccc1,2.64,25.0
N#CC(C#N)=NNc1cccc(O)c1,2.28,25.0
Oc1cccc2cccnc12,1.96,20.0
Oc1cccc2cccnc12,1.96,25.0
O=C(N=c1cn[nH]s1)Nc1ccccc1,1.77,25.0
O=C(O)/C=C/c1ccccc1,2.13,25.0
O=C(O)/C=C\c1ccccc1,2.13,18.0
CC(=O)Oc1ccccc1C(=O)O,1.19,30.0
CC(=O)Oc1ccccc1C(=O)O,1.19,25.0
CC(=O)Oc1ccccc1C(=O)O,1.19,22.0
CC(=O)Oc1ccccc1C(=O)O,1.19,25.6
CC(=O)Oc1ccccc1C(=O)O,1.19,37.0
COC(=O)N=c1[nH]c2ccccc2[nH]1,1.52,20.0
Nc1ccc(S(=O)(=O)N=c2[nH]ccs2)cc1,0.05,37.0
Nc1ccc(S(=O)(=O)N=c2[nH]ccs2)cc1,0.05,25.0
Cc1n[nH]c(=NS(=O)(=O)c2ccc(N)cc2)s1,0.54,37.0
Cc1n[nH]c(=NS(=O)(=O)c2ccc(N)cc2)s1,0.54,25.0
CCc1ccc(C(=O)O)cc1,2.89,22.0
CC(C)COC(=O)n1cc(F)c(=O)[nH]c1=O,0.87,22.0
CCCCOC(=O)n1cc(F)c(=O)[nH]c1=O,0.89,22.0
NC(Cc1ccc(O)cc1)C(=O)O,-2.26,25.0
C=CCC1(CC)C(=O)NC(=O)NC1=O,0.95,23.0
N=c1[nH]c(=O)c2ncn(COC(CO)CO)c2[nH]1,-1.66,23.0
CCC1(C(C)C)C(=O)NC(=O)NC1=O,0.97,33.0
CCC1(CC)C(=O)NC(=O)N(C)C1=O,1.15,25.0
CCCC1(CC)C(=O)NC(=O)NC1=O,0.66,25.0
CCC1(C(C)C)C(=O)NC(=O)NC1=O,0.97,25.0
CC(C)N=c1nc(Cl)[nH]c(=NC(C)C)[nH]1,2.93,20.0
CCC(CC)(C(=O)NC(N)=O)C(=O)OC,0.95,23.0
CCN=c1[nH]c(OC)nc(=NC(C)C)[nH]1,2.69,26.0
CCN=c1[nH]c(SC)nc(=NC(C)C)[nH]1,2.98,26.0
N#CC(C#N)=NNc1ccc(OC(F)(F)F)cc1,3.68,25.0
[O-][n+]1nc(-n2ccnc2)nc2ccc(Cl)cc21,2.04,20.0
c1ccc2[nH]c(-c3cscn3)nc2c1,2.47,21.0
c1ccc2[nH]c(-c3cscn3)nc2c1,2.47,25.0
Nc1cnn(-c2ccccc2)c(=O)c1Cl,1.19,20.0
Cc1ccc(NN=C(C#N)C#N)cc1,3.2,25.0
Cc1cc2ccccc2cn1,2.68,20.0
Nc1c(S(=O)(=O)O)ccc2ccccc12,-0.97,20.0
Nc1ccc2ccccc2c1S(=O)(=O)O,-1.16,25.0
O=C(O)CCCOc1ccc(Cl)cc1Cl,3.53,22.0
Nc1ccc(S(=O)(=O)N=c2nccc[nH]2)cc1,-0.09,37.0
Nc1ccc(S(=O)(=O)N=c2nccc[nH]2)cc1,-0.09,25.0
Cc1cc(=NS(=O)(=O)c2ccc(N)cc2)[nH]o1,0.89,25.0
Cc1cc(=NS(=O)(=O)c2ccc(N)cc2)[nH]o1,0.89,37.0
Cc1cc(=NS(=O)(=O)c2ccc(N)cc2)[nH]o1,0.89,32.0
CCOc1ccc2nc(S(=O)(=O)NC)sc2c1,2.59,37.0
CCc1n[nH]c(=NS(=O)(=O)c2ccc(N)cc2)s1,1.01,37.0
CCCOC(=O)c1ccc(O)cc1,3.04,25.0
CCCNC(=O)NS(=O)(=O)c1ccc(Cl)cc1,2.27,37.0
CCCNC(=O)NS(=O)(=O)c1ccc(Cl)cc1,2.27,36.0
CCC(C)c1ccc(O)c([N+](=O)[O-])c1,3.84,20.0
CC(=O)N(C)S(=O)(=O)c1ccc(C)cc1,1.73,22.0
Cc1cn(C2CC(N=[N+]=[N-])C(CO)O2)c(=O)[nH]c1=O,0.04,25.0
N=c1[nH]c(=O)c2ncn(C3OC(CO)C(O)C3O)c2[nH]1,-1.89,23.0
CN(C)CNC(=O)c1ccccc1,0.85,22.0
CCC(C)C1(CC)C(=O)NC(=O)NC1=O,1.65,33.0
CCC(C)C1(CC)C(=O)NC(=O)NC1=O,1.65,25.0
CCCCC1(CC)C(=O)NC(=O)NC1=O,1.73,25.0
CCCCC1(CC)C(=O)NC(=O)NC1=O,1.73,33.0
CN=C(NCCSCc1[nH]cnc1C)NC#N,0.4,25.0
CCOC(=O)C(CC)(CC)C(=O)NC(N)=O,1.45,23.0
CCCC(=O)OC(C)OP(=O)(OCC)OCC,3.51,25.0
N#CC(C#N)=NNc1ccc(C(=O)CCl)cc1,2.15,25.0
O=C(Oc1ccccc1)n1c(=O)[nH]cc(F)c1=O,1.73,22.0
O=C(Oc1ccccc1)n1cc(F)c(=O)[nH]c1=O,0.64,22.0
Cc1cnc2c(C(=O)O)c(Cl)ccc2c1,-1.11,25.0
CC(=O)c1ccc(NN=C(C#N)C#N)cc1,2.1,25.0
O=C(O)c1ccc2ccccc2c1,3.28,25.0
N#CC(C#N)=NNc1ccc(CCCl)cc1,3.58,25.0
CC(=O)Nc1ccc(NN=C(C#N)C#N)cc1,1.83,25.0
Nc1ccc(S(=O)(=O)N=c2[nH]cccc2Cl)cc1,0.82,37.0
Nc1ccc(S(=O)(=O)N=c2cccc[nH]2)cc1,0.35,37.0
N=c1[nH]c(N)ccc1N=Nc1ccccc1,1.73,25.0
Cc1cc(=O)n(-c2ccccc2)n1C,0.38,25.0
CCC1(c2ccccc2)NC(=O)NC1=O,1.34,37.0
Cc1cc[nH]c(=NS(=O)(=O)c2ccc(N)cc2)n1,0.14,37.0
Cc1cc[nH]c(=NS(=O)(=O)c2ccc(N)cc2)n1,0.14,25.0
Cc1cc[nH]c(=NS(=O)(=O)c2ccc(N)cc2)n1,0.14,30.0
Cc1cc[nH]c(=NS(=O)(=O)c2ccc(N)cc2)n1,0.14,35.0
Cc1cc[nH]c(=NS(=O)(=O)c2ccc(N)cc2)n1,0.14,40.0
COc1cnc(=NS(=O)(=O)c2ccc(N)cc2)[nH]c1,0.41,37.0
COc1ccc(=NS(=O)(=O)c2ccc(N)cc2)[nH]n1,0.32,37.0
CC(=O)Nc1cc(NS(=O)(=O)C(F)(F)F)c(C)cc1C,2.02,22.0
CN(C)C(=O)COC(=O)c1ccccc1O,1.21,21.0
Cc1[nH]oc(=NS(=O)(=O)c2ccc(N)cc2)c1C,1.01,25.0
Cc1[nH]oc(=NS(=O)(=O)c2ccc(N)cc2)c1C,1.01,37.0
Cc1c/c(=N\S(=O)(=O)c2ccc(N)cc2)n(C)o1,0.48,37.0
Cc1[nH]c(=NS(=O)(=O)c2ccc(N)cc2)oc1C,0.59,37.0
Cc1cc(N(C)S(=O)(=O)c2ccc(N)cc2)no1,1.76,37.0
Cc1[nH]c(=NS(=O)(=O)c2ccc(N)cc2)oc1C,0.59,47.0
CCCc1n[nH]c(=NS(=O)(=O)c2ccc(N)cc2)s1,0.54,37.0
CC(C)c1n[nH]c(=NS(=O)(=O)c2ccc(N)cc2)s1,0.54,37.0
CCCCc1ccc(C(=O)O)cc1,3.97,22.0
CCCCCCOC(=O)n1cc(F)c(=O)[nH]c1=O,2.04,22.0
CCCCOC(=O)c1ccc(N)cc1,2.87,37.0
CNC(=O)Oc1ccc(N(C)C)c(C)c1,1.9,20.0
CC/C=C(\C)C1(CC)C(=O)NC(=O)NC1=O,1.57,25.0
C=CCC1(C(C)CC)C(=O)NC(=O)NC1=O,1.47,25.0
CC/C=C(\C)C1(CC)C(=O)NC(=O)NC1=O,1.57,33.0
CCCCNC(=O)NS(=O)(=O)c1ccccc1,1.96,37.0
C=CCC(CC=C)(C(=O)NC(N)=O)C(=O)OC,1.37,23.0
CCCCNC(=O)NS(=O)(=O)c1ccc(N)cc1,1.01,39.0
CCCCNC(=O)NS(=O)(=O)c1ccc(N)cc1,1.01,37.0
CCCC(C)C1(CC)C(=O)NC(=S)NC1=O,2.85,25.0
CCC(C)CC1(CC)C(=O)NC(=O)NC1=O,2.1,25.0
CCC1(CCC(C)C)C(=O)NC(=O)NC1=O,2.07,25.0
CCC1(CCC(C)C)C(=O)NC(=O)NC1=O,2.07,33.0
CCC(CC)(C(=O)NC(N)=O)C(=O)OCC(=O)OC,0.99,23.0
CCCCc1c(C)[nH]c(=NCC)[nH]c1=O,2.3,22.0
CCCCc1c(C)[nH]c(N(C)C)nc1=O,1.9,25.0
CCC(CC)(C(=O)NC(N)=O)C(=O)OC(C)C,1.99,23.0
CCN(CC)c1nc(C)cc(OP(=S)(OC)OC)n1,4.2,30.0
CCN(CC)c1nc(C)cc(OP(=S)(OC)OC)n1,4.2,20.0
C=CCCCCCCCCC(=O)O,3.86,30.0
O=C(OCc1ccccc1)n1cc(F)c(=O)[nH]c1=O,1.18,22.0
O=C(OCn1c(=O)[nH]cc(F)c1=O)Oc1ccccc1,1.11,22.0
COC(=O)n1c(-c2cscn2)nc2ccccc21,2.05,21.0
O=C(N=c1cc[nH]c(Cl)c1)Nc1ccccc1,3.2,21.0
Oc1ccccc1-c1ccccc1,3.09,23.0
NS(=O)(=O)c1cc(C(=O)O)c(NCc2ccco2)cc1Cl,2.56,25.0
CC(=O)NCc1c(I)c(NC(C)=O)c(I)c(C(=O)O)c1I,0.5,20.0
Cc1nc(=O)c(C#N)c(NCc2cccnc2)[nH]1,0.29,25.0
N=c1[nH]c(=N)c2nc(-c3ccccc3)c(=N)[nH]c2[nH]1,0.98,37.0
CCC1(c2ccccc2)C(=O)NC(=O)NC1=O,1.47,25.0
CCn1cc(C(=O)O)c(=O)c2ccc(C)nc21,1.41,30.0
CCC1(c2ccccc2)C(=O)NC(=O)NC1=O,1.47,33.0
O=C(Cn1ccnc1[N+](=O)[O-])NCc1ccccc1,0.91,37.0
CN(c1ccccn1)S(=O)(=O)c1ccc(N)cc1,1.3,37.0
Cn1cccc/c1=N\S(=O)(=O)c1ccc(N)cc1,1.3,37.0
COC(=O)c1sccc1S(=O)(=O)NC(=O)N=c1nc(C)[nH]c(OC)n1,0.2,25.0
O=[N+]([O-])c1cc(C2CCCCC2)c(O)c([N+](=O)[O-])c1,4.12,25.0
Cc1cc(C)[nH]c(=NS(=O)(=O)c2ccc(N)cc2)n1,0.28,37.0
Cc1cc(=NS(=O)(=O)c2ccc(N)cc2)[nH]c(C)n1,-0.33,37.0
CCn1ccc(=NS(=O)(=O)c2ccc(N)cc2)[nH]c1=O,1.12,25.0
COc1cc(=NS(=O)(=O)c2ccc(N)cc2)[nH]c(OC)n1,1.63,37.0
COc1[nH]cnc(=NS(=O)(=O)c2ccc(N)cc2)c1OC,0.7,37.0
CN(CCO)C(=O)COC(=O)c1ccccc1O,0.86,21.0
CN1C(=O)NC(=O)C(C)(C2=CCCCC2)C1=O,1.98,25.0
CN1C(=O)NC(=O)C(C)(C2=CCCCC2)C1=O,1.98,23.0
CCC1(C2=CCCCC2)C(=O)NC(=O)NC1=O,1.77,25.0
CCC1(C2=CCCCC2)C(=O)NC(=O)NC1=O,1.77,20.0
CC(C)Cc1ccc(CC(=O)O)cc1,3.35,37.0
CCN(CC)CC(=O)OCn1ncc2c(=O)[nH]cnc21,0.2,22.0
CCCCNC(=O)NS(=O)(=O)c1ccc(C)cc1,2.34,37.0
CCCCNC(=O)NS(=O)(=O)c1ccc(C)cc1,2.34,27.0
CCCCNC(=O)NS(=O)(=O)c1ccc(C)cc1,2.34,37.5
CCCCNC(=O)NS(=O)(=O)c1ccc(OC)cc1,2.09,37.0
CCCCCCCCCCCC(=O)O,4.6,20.0
CCCCCCCCCCCC(=O)O,4.2,20.0
O=C(c1ccc(Cl)cc1)c1cc(F)ccc1O,4.04,37.0
O=C(Nc1ccc([N+](=O)[O-])cc1Cl)c1cc(Cl)ccc1O,4.19,20.0
O=C(Nc1ccc([N+](=O)[O-])cc1Cl)c1cc(Cl)ccc1O,1.0,20.0
O=C(O)c1cc(-c2ccc(F)cc2F)ccc1O,4.44,25.0
O=C(O)c1ccc[nH]c1=Nc1cccc(C(F)(F)F)c1,1.59,22.0
O=C(O)c1ccc[nH]c1=Nc1cccc(C(F)(F)F)c1,1.59,20.0
O=C(O)c1ccc[nH]c1=Nc1cccc(C(F)(F)F)c1,1.59,25.0
O=C1CCC(N2C(=O)c3ccccc3C2=O)C(=O)N1,0.33,25.0
O=C1CCC(N2C(=O)c3ccccc3C2=O)C(=O)N1,0.33,32.0
FC(F)C(F)(F)OCC(Cn1cncn1)c1ccc(Cl)cc1Cl,3.56,20.0
CCn1cc(C(=O)O)c(=O)c2cc3c(cc21)OCO3,0.94,25.0
CCOC(=O)n1c(-c2cscn2)nc2ccccc21,2.51,21.0
COc1cc(OC)[nH]c(=NC(=O)NS(=O)(=O)c2ncccc2C(F)(F)F)n1,-0.06,20.0
CS(=O)(=O)Nc1ccc([N+](=O)[O-])cc1Oc1ccccc1,2.6,25.0
CC(Oc1ccc(Cl)cc1Cl)C(=O)O,1.77,20.0
N=c1[nH]c(=O)c2ncn(COC(CO)CO)c2[nH]1,-1.66,25.0
NC(Cc1ccc(O)c(O)c1)C(=O)O,-2.74,20.0
O=c1[nH]c(=O)n(C2CC(O)C(CO)O2)cc1I,-0.96,25.0
COc1ccc(CCN(C)CCCC(C#N)(c2ccc(OC)c(OC)c2)C(C)C)cc1OC,3.79,37.0
CC1OC(OC2C(O)CC(OC3C(O)CC(OC4CCC5(C)C(CCC6C5CCC5(C)C(c7coc(O)c7)CCC65O)C4)OC3C)OC2C)CC(O)C1O,1.85,20.0
CC(C)Cc1ccc(C(C)C(=O)O)cc1,4.13,22.0
COc1ccc2c(c1)c(CC(=O)O)c(C)n2C(=O)c1ccc(Cl)cc1,4.27,22.0
CC(C(=O)O)c1cccc(C(=O)c2ccccc2)c1,3.16,22.0
COc1ccc2cc(C(C)C(=O)O)ccc2c1,3.24,22.0
CCCCc1c(O)n(-c2ccc(O)cc2)n(-c2ccccc2)c1=O,2.72,22.0
CCCCc1c(O)n(-c2ccccc2)n(-c2ccccc2)c1=O,3.16,22.0
O=C(O)c1ccccc1Nc1cccc(C(F)(F)F)c1,5.25,22.0
CCC1(c2ccccc2)C(=O)NC(=O)N(C)C1=O,1.84,25.0
CCC1(c2ccccc2)C(=O)NC(=O)N(C)C1=O,1.84,37.0
CCC1(c2ccccc2)C(=O)NC(=O)N(C)C1=O,1.84,20.0
COc1ccc(=NS(=O)(=O)c2ccc(NC(C)=O)cc2)[nH]n1,0.37,37.0
CCCC(Cn1cncn1)c1ccc(Cl)cc1Cl,3.72,25.0
CCCC(Cn1cncn1)c1ccc(Cl)cc1Cl,3.72,20.0
CC(C)C1(C)N=C(c2ncccc2C(=O)O)NC1=O,0.11,25.0
CCN(CC)C(=O)COC(=O)c1ccccc1O,1.99,21.0
O=C(NN1CCCCCC1)NS(=O)(=O)c1ccc(Cl)cc1,1.64,37.0
NC(Cc1ccc(N(CCCl)CCCl)cc1)C(=O)O,-0.52,30.0
Cc1ccc(S(=O)(=O)NC(=O)NC2CCCC2)cc1,2.49,37.0
CC(C)Cc1ccc(C(C)C(=O)O)cc1,4.13,32.0
CC(C)Cc1ccc(C(C)C(=O)O)cc1,4.13,25.0
CCCCCCOC(=O)c1ccc(N)cc1,3.95,24.0
CCCCOC(=O)C(N)Cc1ccc(O)c(O)c1,0.86,20.0
CCCCCCCCNC(=O)n1cc(F)c(=O)[nH]c1=O,3.9,37.0
CCN(CC)CCOC(=O)c1ccc(N)cc1,1.92,25.0
CCN(CC)CCOC(=O)c1ccc(N)cc1,1.92,22.0
CCN(CC)CCOC(=O)c1ccc(N)cc1,1.92,37.0
CCN(CC)CCNC(=O)c1ccc(N)cc1,0.88,22.0
CCCCCCCC1(CC)C(=O)NC(=O)NC1=O,2.91,25.0
Fc1cccc(F)c1-c1nnc(-c2ccccc2Cl)nn1,3.3,25.0
Clc1ccccc1-c1nnc(-c2ccccc2Cl)nn1,4.1,22.0
O=C(O)Cc1ccccc1Oc1ccc(Cl)cc1Cl,4.8,25.0
O=C(O)Cc1ccccc1Nc1c(Cl)cccc1Cl,4.4,22.0
O=C(O)Cc1ccccc1Nc1c(Cl)cccc1Cl,4.4,37.0
O=C(O)Cc1ccccc1Nc1c(Cl)cccc1Cl,4.4,30.0
O=C(O)Cc1ccccc1Nc1c(Cl)cccc1Cl,4.4,25.0
CN1C(=O)CCC(N2C(=O)c3ccccc3C2=O)C1=O,1.15,32.0
CC(C(=O)O)c1ccc(C(=O)c2cccs2)cc1,3.4,25.0
CCCOC(=O)n1c(-c2cscn2)nc2ccccc21,2.98,21.0
COc1ccc2cc(C(C)C(=O)O)ccc2c1,3.24,25.0
COc1ccc2cc(C(C)C(=O)O)ccc2c1,3.34,22.0
O=C(OCC(=O)N1CCCC1C(=O)O)c1ccccc1,1.02,22.0
CCN(CC)C(=O)C(C#N)=Cc1cc(O)c(O)c([N+](=O)[O-])c1,2.25,22.0
COC(=O)c1ccccc1S(=O)(=O)NC(=O)N=c1nc(C)[nH]c(OC)n1,-1.74,25.0
COc1nc(=NC(=O)NS(=O)(=O)c2ccccc2OCCCl)nc(C)[nH]1,-0.59,25.0
COc1nc(=NC(=O)NS(=O)(=O)c2ccccc2OCCCl)nc(C)[nH]1,-1.8,20.0
COc1nc(=NC(=O)NS(=O)(=O)c2ccccc2OCCCl)nc(C)[nH]1,1.1,20.0
COc1nc(=NC(=O)NS(=O)(=O)c2ccccc2OCCCl)nc(C)[nH]1,1.1,25.0
COc1cc(Cc2c[nH]c(=N)[nH]c2=N)cc(OC)c1OC,0.91,32.0
CCCCNC(=O)n1c(=NC(=O)OC)[nH]c2ccccc21,2.12,20.0
CC(C)NCC(O)COc1cccc2[nH]ccc12,1.75,37.0
Cc1ccc(S(=O)(=O)NC(=O)NC2CCCCC2)cc1,2.9,37.0
Cc1ccc(S(=O)(=O)NC(=O)NN2CCCCCC2)cc1,1.45,37.0
CCCCCCCCCNC(=O)n1cc(F)c(=O)[nH]c1=O,3.71,37.0
CC(C)NCC(O)COc1ccc(CC(N)=O)cc1,0.22,25.0
CC(C)NCC(O)COc1ccc(CC(N)=O)cc1,0.16,25.0
CCOC(=O)C(C)(C(=O)NC(=O)NC)C1=CCCCC1,2.25,23.0
CCCCCCCCCCCCCC(=O)O,6.11,25.0
N#CC(C#N)=NNc1ccc(N=Nc2ccccc2)cc1,4.25,25.0
O=C1NC(=O)C(c2ccccc2)(c2ccccc2)N1,1.98,37.0
O=C1NC(=O)C(c2ccccc2)(c2ccccc2)N1,2.24,25.0
O=C1NC(=O)C(c2ccccc2)(c2ccc(O)cc2)N1,1.72,37.0
Cc1noc(C)c1N=C1CC(=O)C(=O)c2ccccc21,1.04,25.0
CC(C(=O)O)c1ccc(-c2ccccc2)c(F)c1,3.99,25.0
CC(C(=O)O)c1ccc(-c2ccccc2)c(F)c1,3.34,32.0
CC(C(=O)O)c1ccc(-c2ccccc2)c(F)c1,3.99,22.0
CC(C(=O)O)c1ccc(-c2ccccc2)c(F)c1,4.16,25.0
CN1C(C(=O)N=c2cccc[nH]2)C(=O)c2ccccc2S1(=O)=O,0.255,25.0
CN1C(C(=O)N=c2cccc[nH]2)C(=O)c2ccccc2S1(=O)=O,3.06,37.0
Nc1ccc(S(=O)(=O)N=c2cc[nH]n2-c2ccccc2)cc1,1.52,37.0
CCOC(=O)c1ccccc1S(=O)(=O)NC(=O)N=c1nc(Cl)cc(OC)[nH]1,0.36,25.0
CC(C)C(O)(c1ccc(OC(F)(F)F)cc1)c1cncnc1,3.34,25.0
Cc1cccc(Nc2ccccc2C(=O)O)c1C,5.12,22.0
Cc1ccc(C(=O)c2ccc(CC(=O)O)n2C)cc1,2.79,22.0
Cc1ccc(S(=O)(=O)N(C)C(=O)c2ccccc2)cc1,2.95,22.0
CC(C)COC(=O)n1c(-c2cscn2)nc2ccccc21,3.46,21.0
CC(=O)c1ccc(S(=O)(=O)NC(=O)NC2CCCCC2)cc1,2.44,37.0
CCOC(=O)C1(c2ccccc2)CCN(C)CC1,2.72,25.0
Cc1ccc(C)c(OCCCC(C)(C)C(=O)O)c1,2.8,37.0
CC(C)N(Cc1ccccc1)C(=O)C(C)(C)C,3.0,20.0
CN1C(=O)CN=C(c2ccccc2)c2cc(Cl)ccc21,2.86,25.0
CN1C(=O)CN=C(c2ccccc2)c2cc(Cl)ccc21,2.92,37.0
CN1C(=O)C(O)N=C(c2ccccc2)c2cc(Cl)ccc21,2.19,37.0
COC(=O)N=c1[nH]c2ccc(C(=O)c3ccccc3)cc2[nH]1,3.14,37.0
CCc1onc(C)c1N=C1CC(=O)C(=O)c2ccccc21,1.57,25.0
CC(C(=O)O)c1cccc(C(=O)c2ccccc2)c1,3.16,25.0
CC(C(=O)O)c1cccc(C(=O)c2ccccc2)c1,2.9,25.0
O=C(O)CCC(=O)c1ccc(-c2ccccc2)cc1,3.14,22.0
CC(C(=O)O)c1cccc(C(=O)c2ccccc2)c1,3.12,22.0
CC(C(=O)O)c1cccc(C(=O)c2ccccc2)c1,3.12,21.0
COc1ccc2cc(C(C)C(=O)OCC(N)=O)ccc2c1,2.06,21.0
NC(Cc1ccc(O)c(O)c1)C(=O)OCc1ccccc1,1.06,20.0
Cc1cn(C2CC(N=[N+]=[N-])C(COC(=O)c3ccncc3)O2)c(=O)[nH]c1=O,0.83,25.0
CCOC(=O)C(C)c1ccc2cc(OC)ccc2c1,4.51,21.0
CC(C)(C)C(=O)OCn1cc(F)c(=O)n(COC(=O)C(C)(C)C)c1=O,2.54,22.0
OC(c1ccc(F)cc1)(c1cncnc1)c1ccccc1Cl,2.2,25.0
O=C(O)Cc1sc(-c2ccccc2)nc1-c1ccc(Cl)cc1,5.19,25.0
Cc1ccc(-c2cc(C(F)(F)F)nn2-c2ccc(S(N)(=O)=O)cc2)cc1,3.68,25.0
CS(=O)(=O)c1ccc(-c2coc(O)c2-c2ccccc2)cc1,1.71,22.0
CS(=O)(=O)c1ccc(-c2coc(O)c2-c2ccccc2)cc1,1.71,25.0
NC(=O)CCCN=C(c1ccc(Cl)cc1)c1cc(F)ccc1O,2.97,37.0
CCCc1onc(C)c1N=C1CC(=O)C(=O)c2ccccc21,1.8,25.0
CCC1(c2ccccc2)C(=O)NC(=O)N1S(=O)(=O)c1ccccc1,-2.44,37.0
COC1=CC(=O)CC(C)C12Oc1c(Cl)c(OC)cc(OC)c1C2=O,2.18,37.0
CCCc1c2c(c(O)c3c(=O)cc(C(=O)O)oc13)CCCC2,4.4,20.0
CN(C)CCCN1c2ccccc2Sc2ccc(Cl)cc21,5.35,20.0
COC(=O)c1cccc(C)c1S(=O)(=O)NC(=O)N=c1nc(N(C)C)nc(OCC(F)(F)F)[nH]1,0.96,25.0
CN1CCC23c4c5ccc(O)c4OC2C(O)C=CC3C1C5,0.76,25.0
CN1CCC23c4c5ccc(O)c4OC2C(O)C=CC3C1C5,0.76,35.0
CN(C)CCCN1c2ccccc2Sc2ccccc21,4.55,20.0
CC(CN1c2ccccc2Sc2ccccc21)N(C)C,4.81,37.0
CN(C)CCOC(c1ccccc1)c1ccccc1,3.3,37.0
COc1ccc(CN(CCN(C)C)c2ccccn2)cc1,3.27,37.0
CCCC(=NOCC)C1C(=O)CC(C(C)CSCC)CC1=O,1.65,20.0
COc1ccc2c3c1OC1C(O)C=CC4C(C2)N(C)CCC341,0.47,25.0
COc1ccc2cc(C(C)C(=O)OCC(=O)N(C)C)ccc2c1,2.05,21.0
CCC(c1ccc(O)cc1)C(CC)c1ccc(O)cc1,5.11,37.0
CCN(CC)CCCC(C)N=c1cc[nH]c2cc(Cl)ccc12,4.63,20.0
O=c1c(Cc2c(O)oc3ccccc3c2=O)c(O)oc2ccccc12,2.07,37.0
O=c1c(Cc2c(O)oc3ccccc3c2=O)c(O)oc2ccccc12,2.07,25.0
COc1ccc2c(c1)c(CC(=O)O)c(C)n2C(=O)c1ccc(Cl)cc1,4.27,25.0
COc1ccc2c(c1)c(CC(=O)O)c(C)n2C(=O)c1ccc(Cl)cc1,4.27,37.0
CCOCCOC(=O)C(C)Oc1ccc(Oc2ncc(C(F)(F)F)cc2Cl)cc1,4.33,9.0
CCCCOC(=O)C(C)Oc1ccc(Oc2ccc(C(F)(F)F)cn2)cc1,4.5,20.0
CCCCc1c(O)n(-c2ccccc2)n(-c2ccccc2)c1=O,3.16,37.0
CCCCCc1onc(C)c1N=C1CC(=O)C(=O)c2ccccc21,3.42,25.0
COc1ccc2cc(C(C)C(=O)OCC(=O)N(C)CC(N)=O)ccc2c1,1.37,21.0
COc1ccc2cc(C(C)C(=O)OCC(=O)N(C)CCO)ccc2c1,2.01,21.0
CC(CCc1ccccc1)NCC(O)c1ccc(O)c(C(N)=O)c1,1.33,25.0
CCN(CC)C(=O)C(C#N)=Cc1cc(OC(=O)NC(C)(C)C)c(O)c([N+](=O)[O-])c1,1.8,22.0
CCCCNC(=O)Oc1cc(C=C(C#N)C(=O)N(CC)CC)cc([N+](=O)[O-])c1O,0.96,22.0
CCCCNC(=O)Oc1cc(C=C(C#N)C(=O)N(CC)CC)cc([N+](=O)[O-])c1O,1.98,22.0
CCN(CC)C(=O)C(C#N)=Cc1cc(OC(=O)NC(C)(C)C)c(O)c([N+](=O)[O-])c1,0.74,22.0
CC1=C(CC(=O)O)c2cc(F)ccc2C1=Cc1ccc(S(C)=O)cc1,3.42,22.0
COc1ccc(Cc2nccc3cc(OC)c(OC)cc23)cc1OC,3.0,37.0
CN(C)CCC=C1c2ccccc2CCc2ccccc21,5.04,24.0
O=C1CCC2(O)C3Cc4ccc(O)c5c4C2(CCN3CC2CC2)C1O5,1.92,32.0
C=C[C@H]1CN2CCC1C[C@H]2[C@H](O)c1ccnc2ccc(OC)cc12,2.64,25.0
CCN(CC)C(=O)COC(=O)C(C)c1ccc2cc(OC)ccc2c1,3.32,21.0
COc1ccc2cc(C(C)C(=O)OCC(=O)N(CCO)CCO)ccc2c1,1.7,21.0
CCOC(=O)C(CCc1ccccc1)NC(C)C(=O)N1CCCC1C(=O)O,0.16,25.0
O=C1CC2OCC=C3CN4CCC56c7ccccc7N1C5C2C3CC46,1.93,20.0
N#Cc1ccc2c(c1)N(CCCN1CCC(O)CC1)c1ccccc1S2,3.52,37.0
CN1CCN(CCCN2c3ccccc3Sc3ccc(C(F)(F)F)cc32)CC1,5.03,37.0
CC(C)(C)C1CCC(=Cc2c(O)c(O)c3ccccc3c2O)CC1,7.02,25.0
CC12C=CC(=O)C=C1CCC1C3CC(O)C(O)(C(=O)CO)C3(C)CC(O)C12F,1.16,25.0
CC12CCC(=O)C=C1CCC1C2C(O)CC2(C)C(C(=O)CO)CCC12,1.94,37.0
CC1c2cccc(O)c2C(=O)C2C(=O)C3(O)C(=O)C(C(N)=O)C(=O)C(N(C)C)C3C(O)C21,-0.22,25.0
CN(C)C1C(=O)C(C(N)=O)C(=O)C2(O)C(=O)C3C(=O)c4c(O)cccc4[C@@](C)(O)C3C(O)C12,-0.9,25.0
CCOC(=O)Nc1ccc2c(c1)N(C(=O)CCN1CCOCC1)c1ccccc1S2,2.98,25.0
OCCN1CCN(CCCN2c3ccccc3Sc3ccc(C(F)(F)F)cc32)CC1,4.36,37.0
COc1ccc(C2Sc3ccccc3N(CCN(C)C)C(=O)C2OC(C)=O)cc1,2.89,25.0
C#CC1(O)CCC2C3CCC4=Cc5oncc5CC4(C)C3CCC21C,4.53,37.0
CCC(=O)O[C@@](Cc1ccccc1)(c1ccccc1)[C@@H](C)CN(C)C,4.37,25.0
CCCN(CCC)Cc1cccc(C(=O)OCCOCn2cnc3c(=O)[nH]c(=N)[nH]c32)c1,0.6,21.0
CCCC(=O)OC[C@@H](Cc1cncn1C)C(CC)C(=O)OCc1ccc(C)cc1,3.87,23.0
CCC(C)C(=O)OC1CCC=C2C=C[C@H](C)[C@H](CCC3C[C@@H](O)CC(=O)O3)C21,3.95,23.0
CCC(C)C(=O)OC1C[C@H](O)C=C2C=CC(C)[C@H](CCC3C[C@@H](O)CC(=O)O3)C21,2.42,23.0
CCCCN(CCCC)Cc1cccc(C(=O)OCCOCn2cnc3c(=O)[nH]c(=N)[nH]c32)c1,1.5,21.0
CCC(C)C(=O)OC1CC(C)C=C2C=C[C@H](C)[C@H](CC[C@@H]3CC(O)CC(=O)O3)[C@H]21,4.26,23.0
CC(CCC(=O)O)C1CCC2C3C(O)CC4CC(O)CCC4(C)C3CCC12C,4.15,25.0
C[C@H](CCC(=O)O)[C@H]1CC[C@H]2[C@H]3[C@H](CC[C@@]21C)[C@@]1(C)CC[C@@H](O)CC1C[C@H]3O,4.15,20.0
C[C@H](CCC(=O)O)[C@H]1CC[C@H]2[C@@H]3CC[C@@H]4C[C@H](O)CC[C@]4(C)[C@H]3C[C@H](O)C21C,3.5,25.0
CC(CCC(=O)O)C1CCC2C3C(O)CC4CC(O)CCC4(C)C3CC(O)C12C,2.39,25.0
CC(CCC(=O)O)C1CCC2C3C(O)CC4CC(O)CCC4(C)C3CC(O)C12C,2.39,37.0
CCC(C)(C)C(=O)OC1CC(C)C=C2C=C[C@H](C)[C@H](CC[C@@H]3CC(O)CC(=O)O3)[C@H]21,4.68,23.0
CCCCC(=O)OC1(C(=O)CO)[C@@H](C)CC2C3CC=C4CC(=O)C=CC4(C)C3(F)C(O)CC21C,3.6,37.0
COc1ccc(CCN(C)CCCC(C#N)(c2ccc(OC)c(OC)c2)C(C)C)cc1OC,3.79,25.0
COc1ccc(CCN(C)CCCC(C#N)(c2ccc(OC)c(OC)c2)C(C)C)cc1OC,3.79,22.0
CC(C)(C)c1ccc(C(O)CCCN2CCC(C(O)(c3ccccc3)c3ccccc3)CC2)cc1,5.72,25.0
CSCC(NC(=O)COc1cccc2cnccc12)C(=O)NC(Cc1ccccc1)C(=O)C(O)N1CSCC1C(=O)NC(C)(C)C,3.56,25.0
CSCC(NC(=O)COc1cccc2cnccc12)C(=O)NC(Cc1ccccc1)C(=O)C(O)N1CSCC1C(=O)NC(C)(C)C,3.56,5.0
CCN1CC(C(O)C(CC2CCCCC2)NC(=O)C(Cc2c[nH]cn2)NC(=O)C(Cc2ccc(OC)cc2)NC(=O)C(C)C)OC1=O,2.85,37.0
CCN1CC(C(=O)C(CC2CCCCC2)NC(=O)C(Cc2c[nH]cn2)NC(=O)C(Cc2ccccc2)CC(O)N(C)CCO)OC1=O,1.94,37.0
CCN1CC(C(O)C(CC2CCCCC2)NC(=O)C(Cc2c[nH]cn2)NC(=O)C(Cc2ccc(OC)cc2)NC(=O)C(C)C)OC1=O,2.67,37.0
CCN1CC(C(=O)C(CC2CCCCC2)NC(=O)C(Cc2c[nH]cn2)NC(=O)C(Cc2ccccc2)CC(O)N2CCOCC2)OC1=O,2.2,37.0
CCN1CC(C(O)C(CC2CCCCC2)NC(=O)C(Cc2c[nH]cn2)NC(=O)C(Cc2ccc(OC)cc2)NC(=O)N2CCOCC2)OC1=O,1.91,37.0
CCN1CC(C(O)C(CC2CCCCC2)NC(=O)C(Cc2c[nH]cn2)NC(=O)C(Cc2ccc(OC)cc2)NC(=O)N2CCOCC2)OC1=O,2.11,37.0
CCN1CC(C(=O)C(CC2CCCCC2)NC(=O)C(Cc2c[nH]cn2)NC(=O)C(Cc2ccccc2)CC(O)N(C)CCOC)OC1=O,2.45,37.0
CCC1OC(=O)C(C)C(OC2CC(C)(OC)C(O)C(C)O2)C(C)C(OC2OC(C)CC(N(C)C)C2O)C(C)(O)CC(C)C(=O)C(C)C(O)C1(C)O,2.54,25.0
CCN1CC(C(=O)C(CC2CCCCC2)NC(=O)C(Cc2c[nH]cn2)NC(=O)C(Cc2ccccc2)CC(O)N(C)CCOCOCCOC)OC1=O,2.21,37.0
CC(C)CC(NC(=O)CC(O)C(CC(C)C)NC(=O)C(Cc1c[nH]cn1)NC(=O)C(Cc1ccccc1)NC(=O)OC(C)(C)C)C(=O)NCCC(N)C(=O)O,1.08,25.0
CC[C@H]1OC(=O)C(C)[C@@H](O[C@H]2C[C@@](C)(OC)[C@@H](O)[C@H](C)O2)[C@H](C)[C@@H](O[C@@H]2O[C@H](C)C[C@H](N(C)C)[C@H]2O)[C@](C)(OC)CC(C)C(=O)C(C)[C@@H](O)[C@]1(C)O,1.68,25.0
CCN1CC(C(=O)C(CC2CCCCC2)NC(=O)C(Cc2c[nH]cn2)NC(=O)C(Cc2ccccc2)CC(O)N2CC(OCOC)C(OCOC)C2)OC1=O,2.31,37.0
CC(C)CC(NC(=O)CC(O)C(CC(C)C)NC(=O)C(Cc1c[nH]cn1)NC(=O)C(Cc1ccccc1)NC(=O)OC(C)(C)C)C(=O)NCCCN(CCO)CCO,1.4,25.0
CC(C)CC(NC(=O)CC(O)C(CC(C)C)NC(=O)C(Cc1c[nH]cn1)NC(=O)C(Cc1ccccc1)NC(=O)OC(C)(C)C)C(=O)NC(C(=O)O)c1ccccc1,1.22,25.0
CC(C)CC(NC(=O)CC(O)C(CC(C)C)NC(=O)C(Cc1c[nH]cn1)NC(=O)C(Cc1ccccc1)NC(=O)OC(C)(C)C)C(=O)NCc1cccc(CN)c1,1.89,25.0
CCN1CC(C(=O)C(CC2CCCCC2)NC(=O)C(Cc2c[nH]cn2)NC(=O)C(Cc2ccccc2)CC(O)N2CC(OCOCCOC)C(OCOCCOC)C2)OC1=O,1.87,37.0
CC(C)CC(NC(=O)CC(O)C(CC(C)C)NC(=O)C(Cc1c[nH]cn1)NC(=O)C(Cc1ccccc1)NC(=O)OC(C)(C)C)C(=O)NC(Cc1cccc(CN)c1)C(=O)O,1.83,25.0
C/C=C/CC(C)C(O)C1C(=O)NC(CC)C(=O)N(C)CC(=O)N(C)C(CC(C)C)C(=O)NC(C(C)C)C(=O)N(C)C(CC(C)C)C(=O)NC(C)C(=O)NC(C)C(=O)N(C)C(CC(C)C)C(=O)N(C)C(CC(C)C)C(=O)N(C)C(C(C)C)C(=O)N1C,2.92,37.0
CC(C)C(NC(=O)CN)C(=O)O,-1.33,25.0
CC(N)C(=O)NC(C)C(=O)O,-2.0,25.0
CCC(C)C(NC(=O)C(C)N)C(=O)O,-2.6,25.0
CC(C)C(NC(=O)[C@H](C)N)C(=O)O,-1.13,25.0
CC(C)CC(NC(=O)CN)C(=O)O,-0.78,25.0
CC(NC(=O)C(N)C(C)C)C(=O)O,-1.14,25.0
CC(C)C(NC(=O)C(N)CO)C(=O)O,-1.53,25.0
CC(C)C(N)C(=O)NC(C(=O)O)C(C)C,-2.82,25.0
CC(C)CC(NC(=O)C(N)CO)C(=O)O,-2.49,25.0
CC(C)CC(NC(=O)C1CCCN1)C(=O)O,-2.41,25.0
CCC(C)C(NC(=O)C1CCCN1)C(=O)O,-2.56,25.0
CC(C)CC([NH3+])C(=O)N1CCCC1C(=O)[O-],-1.76,25.0
CCC(C)C(N)C(=O)N1CCCC1C(=O)[O-],-1.79,25.0
NCC(=O)NC(Cc1ccccc1)C(=O)[O-],-0.56,25.0
CC(C)C(N)C(=O)NC(C(=O)O)C(C)C,-0.32,25.0
CC(C)CC(N)C(=O)O.CC(N)C(=O)O,-0.54,25.0
NC(Cc1ccccc1)C(=O)NCC(=O)O,-0.5,25.0
CC(=O)C(N)C(O)NC(C(=O)O)C(C)C,-1.25,25.0
CC(C)CC(N)C(=O)NC(CC(C)C)C(=O)O,-1.46,25.0
CC(C)CC(N)C(=O)NC(C(=O)O)C(C)C,-2.05,25.0
CC(C)CC(NC(=O)C(N)C(C)C)C(=O)O,-2.07,25.0
CCC(C)C(N)C(=O)NC(C(=O)O)C(C)CC,-1.82,25.0
CCC(C)C(NC(=O)C(N)CC(C)C)C(=O)O,-1.64,25.0
CSCCC(N)C(=O)NC(C(=O)O)C(C)C,-2.53,25.0
CC(=O)C(NC(=O)C(N)Cc1c[nH]cn1)C(O)O,-2.23,25.0
CC(C)CC(N)C(=O)NC(C(=O)O)C(C)C,0.26,25.0
CCC(C)C(N)C(=O)NC(C(=O)O)C(C)C,0.16,25.0
CCC(C)C(NC(=O)C(N)CC(C)C)C(=O)O,0.68,25.0
CSCCC(N)C(=O)NC(C(=O)O)C(C)C,-0.28,25.0
NC(C=O)C(O)NC(Cc1ccccc1)C(=O)O,-0.79,25.0
CCC(C)C(NC(=O)C(N)C(C)O)C(=O)O,-0.86,25.0
CC(C)C(NC(=O)C(N)CC(N)=O)C(=O)O,-1.85,25.0
CCC(C)C(NC(=O)C(N)CC(N)=O)C(=O)O,-1.43,25.0
CC(C)CC(N)C(=O)NC(CC(N)=O)C(=O)O,-1.3,25.0
CCC(C)C(N)C(=O)NC(CC(N)=O)C(=O)O,-1.41,25.0
CC(C)C(NC(=O)CCC(N)C(=O)O)C(=O)O,-1.85,25.0
CC(C)CC(NC(=O)C(N)CCC(N)=O)C(=O)O,-1.32,25.0
CC(C)C(N)C(=O)NC(CCC(N)=O)C(=O)O,-1.82,25.0
CC(C)CC(NC(=O)C(N)CCCCN)C(=O)O,-0.26,25.0
CC(C)CC(NC(=O)C(N)Cc1ccccc1)C(=O)O,-1.17,25.0
CC(C)CC(N)C(=O)NC(Cc1ccccc1)C(=O)O,-1.15,25.0
CC(NC(=O)C(N)Cc1c[nH]c2ccccc12)C(=O)O,-1.98,25.0
CC(C)C([NH3+])C(=O)NC(Cc1ccc(O)cc1)C(=O)[O-],-2.52,25.0
CSCCC(NC(=O)C(N)CC(C)C)C(=O)O,-1.87,25.0
CSCCC(N)C(=O)NC(CC(C)C)C(=O)O,-1.84,25.0
O=C(O)C(Cc1ccccc1)NC(=O)C1CCCN1,-2.07,25.0
NC(Cc1ccccc1)C(=O)N1CCCC1C(=O)O,-1.36,25.0
CC(C)C(NC(=O)C(N)Cc1ccccc1)C(=O)O,0.43,25.0
CC(C)C(NC(=O)C(N)Cc1ccc(O)cc1)C(=O)O,-0.2,25.0
NC(=O)CC(N)C(=O)NC(Cc1ccccc1)C(=O)O,-1.14,25.0
NC(Cc1ccccc1)C(=O)NC(Cc1ccccc1)C(=O)O,-0.85,25.0
CC(C)CC(NC(=O)C(N)Cc1c[nH]c2ccccc12)C(=O)O,-0.73,25.0
CC(C)CC(N)C(=O)NC(Cc1ccc(O)cc1)C(=O)O,-1.94,25.0
CC(C)CC(NC(=O)C(N)Cc1ccc(O)cc1)C(=O)O,-1.75,25.0
CSCCC(NC(=O)C(N)Cc1ccccc1)C(=O)O,-1.59,25.0
CC(C)C(NC(=O)C([NH3+])Cc1ccccc1)C(=O)NCC(=O)[O-],-2.33,25.0
CC(C)CC(N)C(=O)NC(Cc1c[nH]c2ccccc12)C(=O)O,-2.1,25.0
CC(C)CC(N)C(=O)NC(C)C(=O)NC(CC(C)C)C(=O)O,-2.03,25.0
[NH3+]C(Cc1c[nH]c2ccccc12)C(=O)NCC(=O)NCC(=O)[O-],-2.72,25.0
CC(C)C(NC(=O)CN)C(=O)NC(Cc1ccccc1)C(=O)O,-1.96,25.0
CC(C)CC(NC(=O)C(N)Cc1ccc(O)cc1)C(=O)O,0.32,25.0
CC(C)C(NC(=O)C(N)Cc1c[nH]c2ccccc12)C(=O)O,0.73,25.0
CSCCC(N)C(=O)NC(Cc1ccccc1)C(=O)O,0.42,25.0
NC(CCC(=O)NC(Cc1ccccc1)C(=O)O)C(=O)O,-1.14,25.0
NC(=O)CCC(NC(=O)C(N)Cc1ccccc1)C(=O)O,-1.03,25.0
NC(Cc1ccccc1)C(=O)O.NCCCCC(N)C(=O)O,0.14,25.0
CSCCC(NC(=O)C(C)N)C(=O)NC(C(=O)O)C(C)C,-0.63,25.0
NC(Cc1c[nH]c2ccccc12)C(=O)NC(Cc1ccccc1)C(=O)O,-0.47,25.0
NC(Cc1ccccc1)C(=O)NC(Cc1ccc(O)cc1)C(=O)O,-1.68,25.0
NC(Cc1ccc(O)cc1)C(=O)NC(Cc1ccc(O)cc1)C(=O)O,-1.87,25.0
CC(NC(=O)C(NC(=O)C([NH3+])Cc1ccccc1)C(C)C)C(=O)[O-],-2.19,25.0
CCC(C)C(NC(=O)C(NC(=O)C([NH3+])CC(C)C)C(C)CC)C(=O)[O-],-1.11,25.0
CC(C)CC(N)C(=O)NC(C(=O)NC(CC(C)C)C(=O)O)C(C)C,-1.57,25.0
CC(C)CC(N)C(=O)NC(CC(C)C)C(=O)NC(CC(C)C)C(=O)O,-0.94,25.0
CC(C)CC([NH3+])C(=O)NC(C=O)C(=O)NC(CC(C)C)C([O-])O,-2.35,25.0
CCC(C)C([NH3+])C(=O)NC(C=O)C(=O)NC(CC(C)C)C([O-])O,-2.28,25.0
CCC(C)C([NH3+])C(=O)NC(C=O)C(=O)NC(C([O-])O)C(C)CC,-2.64,25.0
CCC(C)C(NC(=O)C(CC(C)C)NC(=O)C([NH3+])C=O)C([O-])O,-1.99,25.0
CC(C)CC(NC(=O)C(CC(C)C)NC(=O)C([NH3+])CO)C(=O)[O-],-2.03,25.0
CCC(C)C(NC(=O)C([NH3+])CC(C)C)C(=O)NC(C(=O)[O-])C(C)O,-2.14,25.0
CCC(C)C(NC(=O)C(NC(=O)C([NH3+])CC(C)C)C(C)=O)C([O-])O,-2.3,25.0
CCC(C)C(NC(=O)C(CC(C)C)NC(=O)C([NH3+])C(C)=O)C([O-])O,-1.66,25.0
CC(=O)C(N)C(=O)NC(C(=O)NC(CC(C)C)C(O)O)C(C)C,-1.97,25.0
CC(C)CC(NC(=O)C(CC(C)C)NC(=O)C1CCC[NH2+]1)C(=O)[O-],-1.64,25.0
CC(C)CC([NH3+])C(=O)N1CCCC1C(=O)NC(CC(C)C)C(=O)[O-],-1.56,25.0
CC(C)CC([NH3+])C(=O)NC(CC(C)C)C(=O)N1CCCC1C(=O)[O-],-1.58,25.0
CCC(C)C(N)C(=O)N1CCCC1C(=O)NC(C(=O)O)C(C)CC,-1.65,25.0
[NH3+]C(Cc1ccc(O)cc1)C(=O)NC(Cc1ccccc1)C(=O)[O-],0.54,25.0
Cl.NCCCCC(N)C(=O)NC(Cc1ccccc1)C(=O)O,0.12,25.0
NCC(=O)NC(Cc1ccccc1)C(=O)NC(Cc1c[nH]cn1)C(=O)O,-0.92,25.0
CC(C)CC(N)C(=O)NC(CC(=O)O)C(=O)NC(CC(C)C)C(=O)O,0.16,25.0
CCC(C)C(N)C(=O)NC(CC(C)C)C(=O)NC(CC(=O)O)C(=O)O,-0.04,25.0
NC(Cc1c[nH]c2ccccc12)C(=O)NC(Cc1c[nH]c2ccccc12)C(=O)O,-0.27,25.0
NC(Cc1c[nH]c2ccccc12)C(=O)NC(Cc1ccc(O)cc1)C(=O)O,-1.13,25.0
NCC(=O)NC(Cc1ccccc1)C(=O)NC(Cc1ccccc1)C(=O)O,-1.33,25.0
CC(C)CC(NC(=O)C([NH3+])Cc1ccc(O)cc1)C(=O)NC(C(=O)[O-])C(C)C,-1.45,25.0
[NH3+]C(Cc1ccc(O)cc1)C(=O)NCC(=O)NC(Cc1ccccc1)C(=O)[O-],-1.86,25.0
CCC(C)C(NC(=O)C(Cc1ccc(O)cc1)NC(=O)C(C)[NH3+])C(=O)[O-],-2.04,25.0
CCC(C)C([NH3+])C(=O)NC(Cc1ccc(O)cc1)C(=O)NC(C(=O)[O-])C(C)C,-1.77,25.0
CCC(C)C(NC(=O)C([NH3+])Cc1ccccc1)C(=O)NC(C(=O)[O-])C(C)O,-1.95,25.0
CCC(C)C(N)C(=O)NC(C)C(=O)NC(C)C(=O)NC(C(=O)O)C(C)CC,-2.82,25.0
CCC(C)C(N)C(=O)N1CCCC1C(=O)NCC(=O)NC(C(=O)O)C(C)CC,1.69,25.0
CC(C)C(N)C(=O)N1CCCC1C(=O)NCC(=O)NC(C(=O)O)C(C)C,-2.83,25.0
CC(C)C(NC(=O)C(Cc1ccccc1)NC(=O)C(N)CCCCN)C(=O)O,0.51,25.0
CCC(C)C(N)C(=O)NC(Cc1c[nH]cn1)C(=O)NC(C(=O)O)C(C)C,-0.24,25.0
CC(C)CC(NC(=O)C(Cc1ccccc1)NC(=O)C(N)CC(=O)O)C(=O)O,0.4,25.0
CCC(C)C(NC(=O)C(N)CC(=O)O)C(=O)NC(Cc1ccccc1)C(=O)O,0.61,25.0
CC(C)CC(NC(=O)C(CC(=O)O)NC(=O)C(N)Cc1ccccc1)C(=O)O,0.39,25.0
CCC(C)C(NC(=O)C(N)CC(C)C)C(=O)NC(CCC(=O)O)C(=O)O,0.07,25.0
NC(Cc1ccccc1)C(=O)NC(Cc1ccccc1)C(=O)NC(Cc1ccccc1)C(=O)O,-0.02,25.0
CC(C)C(NC(=O)C([NH3+])Cc1ccccc1)C(=O)NC(Cc1ccccc1)C(=O)[O-],-0.76,25.0
CC(NC(=O)C(Cc1ccccc1)NC(=O)C([NH3+])Cc1c[nH]c2ccccc12)C(=O)[O-],-1.0,25.0
CC(C)CC(NC(=O)C(Cc1c[nH]c2ccccc12)NC(=O)C([NH3+])Cc1c[nH]c2ccccc12)C(=O)[O-],0.36,25.0
CC(C)CC(N)C(=O)NC(CC(C)C)C(=O)NC(Cc1ccc(O)cc1)C(=O)O,-1.34,25.0
CC(C)C([NH3+])C(=O)NC(Cc1ccccc1)C(=O)NC(Cc1ccc(O)cc1)C(=O)[O-],-1.5,25.0
CC(C)C(NC(=O)C([NH3+])Cc1ccc(O)cc1)C(=O)NC(Cc1ccccc1)C(=O)[O-],-1.37,25.0
CC(C)CC(NC(=O)C(Cc1ccc(O)cc1)NC(=O)C([NH3+])Cc1ccc(O)cc1)C(=O)[O-],-1.38,25.0
CSCCC(N)C(=O)NC(CC(C)C)C(=O)NC(Cc1ccccc1)C(=O)O,-1.03,25.0
NC(Cc1ccccc1)C(=O)NCC(=O)NCC(=O)NC(Cc1ccccc1)C(=O)O,-1.51,25.0
CC(NC(=O)C(C)NC(=O)C(N)C(C)C)C(=O)NC(Cc1ccccc1)C(=O)O,-1.91,25.0
CC(C)CC(N)C(=O)NC(CC(C)C)C(=O)NC(C(=O)NC(Cc1ccccc1)C(=O)O)C(C)C,-0.25,25.0
CC(C)CC(N)C(=O)NC(CC(C)C)C(=O)NC(CC(C)C)C(=O)NC(C(=O)O)C(C)C,-0.51,25.0
CC(C)C(N)C(=O)NCC(=O)NC(Cc1ccccc1)C(=O)NC(Cc1ccccc1)C(=O)O,-0.51,25.0
CC(C)CC(NC(=O)C(CC(C)C)NC(=O)C(NC(=O)C(C)N)C(C)C)C(=O)O,-1.74,25.0
CC(C)CC(N)C(=O)NC(C)C(=O)NCC(=O)NC(Cc1ccccc1)C(=O)O,-1.78,25.0
NC(Cc1ccccc1)C(=O)NC(Cc1ccccc1)C(=O)NC(Cc1ccccc1)C(=O)NC(Cc1ccccc1)C(=O)O,1.63,25.0
CC(C)CC(N)C(=O)NC(CC(C)C)C(=O)NCC(=O)NC(Cc1ccccc1)C(=O)O,-0.42,25.0
CC(C)CC(N)C(=O)NC(CC(C)C)C(=O)NC(C)C(=O)NC(Cc1ccccc1)C(=O)O,-1.0,25.0
CC(C)CC(N)C(=O)NC(CC(C)C)C(=O)NC(CC(C)C)C(=O)NC(Cc1ccccc1)C(=O)O,0.24,25.0
CCC(C)C(N)C(=O)NC(C(=O)NC(C(=O)NC(C(=O)O)C(C)C)C(C)C)C(C)CC,-1.41,25.0
CCC(C)C(N)C(=O)NC(C(=O)NCC(=O)NC(Cc1ccccc1)C(=O)O)C(C)CC,-0.99,25.0
NC(Cc1ccccc1)C(=O)NC(Cc1ccccc1)C(=O)NCC(=O)NC(Cc1ccccc1)C(=O)O,0.17,25.0
CC(C)CC(NC(=O)C(NC(=O)C(CC(C)C)NC(=O)C(N)C(C)C)C(C)C)C(=O)O,-1.23,25.0
CC(C)CC(NC(=O)C(N)Cc1c[nH]c2ccccc12)C(=O)NC(CC(C)C)C(=O)NC(C(=O)O)C(C)C,0.23,25.0
CC(C)CC(NC(=O)C(CC(C)C)NC(=O)CNC(=O)C(N)Cc1c[nH]c2ccccc12)C(=O)O,0.06,25.0
CCC(C)C(NC(=O)C(N)Cc1ccc(O)cc1)C(=O)NC(CC(C)C)C(=O)NCC(=O)O,-1.49,25.0
CC(C)C(NC(=O)C(N)Cc1ccccc1)C(=O)NC(Cc1ccc(O)cc1)C(=O)NC(Cc1ccccc1)C(=O)O,-0.32,25.0
CCC(C)C(N)C(=O)NC(Cc1ccc(O)cc1)C(=O)NC(C(=O)NC(C(=O)O)C(C)C)C(C)CC,-1.09,25.0
CC(=O)C(NC(=O)C(CC(C)C)NC(=O)C(Cc1ccccc1)NC(=O)C(N)C(C)C)C(O)O,-1.32,25.0
CCC(C)C(NC(=O)C(CC(C)C)NC(=O)C(NC(=O)C(N)CCSC)C(C)CC)C(=O)O,-0.49,25.0
CCC(C)C(NC(=O)C(Cc1ccccc1)NC(=O)C(CCSC)NC(=O)C(N)C(C)C)C(=O)O,-0.63,25.0
CC(C)CC(NC(=O)C(CC(C)C)NC(=O)C(CC(C)C)NC(=O)C1CCCN1)C(=O)O,-1.06,25.0
CC(C)CC(N)C(=O)N1CCCC1C(=O)NC(CC(C)C)C(=O)NC(CC(C)C)C(=O)O,-0.92,25.0
CC(C)CC(N)C(=O)NC(CC(C)C)C(=O)N1CCCC1C(=O)NC(CC(C)C)C(=O)O,-1.0,25.0
CC(C)CC(N)C(=O)NC(CC(C)C)C(=O)NC(CC(C)C)C(=O)N1CCCC1C(=O)O,-1.18,25.0
CC(C)CC(NC(=O)C(NC(=O)C1CCCN1C(=O)C(N)C(C)C)C(C)C)C(=O)O,-1.91,25.0
NC(Cc1ccc(O)cc1)C(=O)N1CCCC1C(=O)NCC(=O)NC(Cc1c[nH]c2ccccc12)C(=O)O,-1.25,25.0
CCC(C)C(NC(=O)CNC(=O)C1CCCN1C(=O)C(N)Cc1ccc(O)cc1)C(=O)O,-1.65,25.0
CCC(C)C(N)C(=O)NC(C(=O)NC(C(=O)NC(C(=O)NC(C(=O)O)C(C)CC)C(C)C)C(C)C)C(C)C,-0.89,25.0
CCC(C)C(N)C(=O)NC(C)C(=O)NC(Cc1ccc(O)cc1)C(=O)NC(Cc1c[nH]c2ccccc12)C(=O)NCC(=O)O,-1.47,25.0
CC(C)CC(NC(=O)C(Cc1ccccc1)NC(=O)CNC(=O)CNC(=O)C(N)Cc1ccc(O)cc1)C(=O)O,-0.8,25.0
CSCCC(NC(=O)C(Cc1ccccc1)NC(=O)CNC(=O)CNC(=O)C(N)Cc1ccc(O)cc1)C(=O)O,-1.39,25.0
CCC(C)C(N)C(=O)NC(CCSC)C(=O)NC(Cc1ccccc1)C(=O)O,1.28,25.0
CCC(C)C(NC(=O)C(N)CCCCN)C(=O)NC(Cc1ccccc1)C(=O)O,0.65,25.0
CC(C)CC(NC(=O)C(Cc1ccccc1)NC(=O)C(N)CCCCN)C(=O)O,0.98,25.0
CC(C)CC(N)C(=O)NC(CCCCN)C(=O)NC(Cc1ccccc1)C(=O)O,1.14,25.0
CCC(C)C(NC(=O)C(N)CCCN=C(N)N)C(=O)NC(Cc1ccccc1)C(=O)O,-0.04,25.0
CC(C)CC(NC(=O)C(Cc1ccccc1)NC(=O)C(N)CCCN=C(N)N)C(=O)O,-0.03,25.0
CC(C)CC(N)C(=O)N=C(CCCNC(N)N)C(=O)NC(Cc1ccccc1)C(=O)O,-0.06,25.0
CC(C)CC(N)C(=O)NC(Cc1ccccc1)C(=O)NC(CCCN=C(N)N)C(=O)O,-0.12,25.0
CCC(C)C(N)C(=O)NC(Cc1ccccc1)C(=O)NC(CCCN=C(N)N)C(=O)O,-0.05,25.0
CCC(C)C(NC(=O)C(N)Cc1c[nH]cn1)C(=O)NC(Cc1ccccc1)C(=O)O,0.44,25.0
CC(C)CC(NC(=O)C(Cc1c[nH]cn1)NC(=O)C(N)Cc1ccccc1)C(=O)O,0.64,25.0
CC(C)C(NC(=O)C(Cc1c[nH]cn1)NC(=O)C(N)Cc1c[nH]c2ccccc12)C(=O)O,0.31,25.0
NC(Cc1ccccc1)C(=O)NC(Cc1c[nH]c2ccccc12)C(=O)NC(Cc1c[nH]cn1)C(=O)O,1.0,25.0
CCC(C)C(NC(=O)C(N)CCC(=O)O)C(=O)NC(Cc1ccccc1)C(=O)O,0.43,25.0
NC(Cc1ccccc1)C(=O)NC(CCC(=O)O)C(=O)NC(Cc1ccccc1)C(=O)O,0.65,25.0
CC(=O)Oc1ccccc1C(=O)O,1.1,37.0
Cc1cc(=O)n(-c2ccccc2)n1C,0.56,25.0
N=c1[nH]c(=O)c2ncn(COCCO)c2[nH]1,-1.8,37.0
N=C(N)NC(=O)c1nc(Cl)c(=N)[nH]c1N,0.1,25.0
CC(C)Cc1ccc(C(C)C(=O)O)cc1,4.0,25.0
CC(C)(C)NCC(O)c1cc(O)cc(O)c1,-0.09,25.0
COC1=NC(C)=NC(Cl)C1N=c1[nH]cc[nH]1,0.9,25.0
CC(C)NCC(O)COc1cccc2ccccc12,3.4,37.0
NC(=O)N1c2ccccc2C=Cc2ccccc21,2.45,25.0
CC(C(=O)O)c1cccc(C(=O)c2ccccc2)c1,3.37,25.0
COc1ccc2cc(C(C)C(=O)O)ccc2c1,3.58,25.0
CC(C)NCC(O)COc1cccc2ccccc12,3.43,25.0
CC(C)C(NC(=O)C(N)CCC(N)=O)C(=O)O,-1.85,25.0
CC(C)C(N)C(=O)N[C@@H](C)C(=O)N[C@@H](C)C(=O)O,-1.4,25.0
CC(C)C(NC(=O)[C@H](C)NC(=O)CN)C(=O)O,-1.56,25.0
CC(C)CC(NC(=O)CN)C(=O)NCC(=O)O,-1.23,25.0
CC(C)NCC(O)COc1ccc(CC(N)=O)cc1,0.5,37.0
Cc1cn([C@H]2C[C@H](N=[N+]=[N-])[C@@H](CO)O2)c(=O)[nH]c1=O,-0.5,37.0
CC(C)NCC(O)COc1ccc(CC(N)=O)cc1,0.18,25.0
CNCCCN1c2ccccc2CCc2ccccc21,4.54,25.0
COCCc1ccc(OCC(O)CNC(C)C)cc1,2.07,25.0
CC(NC(=O)C(N)C(C)C)C(=O)NC(C(=O)O)C(C)C,-0.67,25.0
CCC(C)C(NC(=O)C(N)C(C)C)C(=O)NCC(=O)O,-0.45,25.0
O=C(O)Cc1ccccc1Nc1c(Cl)cccc1Cl,4.2,37.0
CNCCC(Oc1ccc(C(F)(F)F)cc1)c1ccccc1,4.5,37.0
Cc1cc2c(s1)=Nc1ccccc1NC=2N1CCN(C)CC1,3.0,37.0
CN(C/C=C/C#CC(C)(C)C)Cc1cccc2ccccc12,6.0,37.0
NS(=O)(=O)c1cc2c(cc1Cl)NCNS2(=O)=O,-0.17,25.0
NC(=O)CCC(N)C(=O)NC(Cc1ccccc1)C(=O)O,-1.14,25.0
CC(C)CC(NC(=O)C(C)N)C(=O)NC(C(=O)O)C(C)C,-0.14,25.0
CCC(C)C(NC(=O)C(NC(=O)C(C)N)C(C)C)C(=O)O,-0.2,25.0
CC(N)C(=O)NCC(=O)NC(Cc1ccccc1)C(=O)O,-0.71,25.0
CCC(C)C(N)C(=O)NC(C)C(=O)NC(C(=O)O)C(C)C,-0.21,25.0
N=C(N)N=c1[nH]c(CSCCC(=N)NS(N)(=O)=O)cs1,-0.8,37.0
NS(=O)(=O)c1cc(C(=O)O)c(NCc2ccco2)cc1Cl,2.6,37.0
CN=C(C[N+](=O)[O-])NCCSCc1csc(CN(C)C)n1,-0.2,37.0
Cc1cccc(C)c1NC(=O)c1cc(S(N)(=O)=O)c(Cl)cc1O,2.8,37.0
CC(NC(CCc1ccccc1)C(=O)O)C(=O)N1CCCC1C(=O)O,-0.13,25.0
NS(=O)(=O)c1cc(C(=O)O)c(NCc2ccco2)cc1Cl,2.53,25.0
CC(NC(=O)C(Cc1ccccc1)NC(=O)C(N)C(C)C)C(=O)O,0.06,25.0
CCC(C)C(N)C(=O)NC(Cc1ccccc1)C(=O)NC(C)C(=O)O,0.52,25.0
CC(C)CC(NC(=O)CNC(=O)C(N)Cc1ccccc1)C(=O)O,0.6,25.0
CCC(C)C(NC(=O)C(N)Cc1ccccc1)C(=O)NCC(=O)O,0.34,25.0
CCC(C)C(NC(=O)C(NC(=O)C(N)C(C)C)C(C)C)C(=O)O,0.49,25.0
CC(NC(=O)C(C)NC(=O)C(N)Cc1c[nH]c2ccccc12)C(=O)O,-0.38,25.0
CC(=O)C(NC(=O)C(N)CC(C)C)C(=O)NC(CC(C)C)C(O)O,0.24,25.0
CN1CCN(C(=O)OC2c3nccnc3C(=O)N2c2ccc(Cl)cn2)CC1,1.5,37.0
CC1(C)SC2C(NC(=O)C(N)c3ccc(O)cc3)C(=O)N2C1C(=O)O,-1.71,25.0
CCC(C)C(NC(=O)C(N)Cc1c[nH]c2ccccc12)C(=O)NCC(=O)O,0.62,25.0
CC(NC(=O)C(N)Cc1c[nH]c2ccccc12)C(=O)NC(C(=O)O)C(C)C,0.36,25.0
CC(C)CC(N)C(=O)NC(C=O)C(=O)NC(Cc1ccccc1)C(O)O,0.23,25.0
CC(C)CC(NC(=O)C(Cc1ccc(O)cc1)NC(=O)C(C)N)C(=O)O,-0.04,25.0
CC(N)C(=O)NC(Cc1ccc(O)cc1)C(=O)NC(Cc1ccccc1)C(=O)O,0.26,25.0
Clc1ccc(COC(Cn2ccnc2)c2ccc(Cl)cc2Cl)c(Cl)c1,4.9,37.0
NC[C@@H]1O[C@H](O[C@@H]2[C@@H](CO)O[C@@H](O[C@@H]3[C@@H](O)[C@H](N)C[C@H](N)[C@H]3O[C@H]3O[C@H](CO)[C@@H](O)[C@H](O)[C@H]3N)[C@@H]2O)[C@H](N)[C@@H](O)[C@@H]1O,-2.0,37.0
CO[C@H]1/C=C\O[C@@]2(C)Oc3c(C)c(O)c4c(O)c(c5c(c4c3C2=O)=NC2(CCN(CC(C)C)CC2)N=5)NC(=O)C(C)=CC=CC(C)[C@H](O)[C@@H](C)[C@@H](O)[C@@H](C)[C@H](OC(C)=O)[C@@H]1C,4.5,37.0
CC(C)n1c(/C=C/[C@@H](O)C[C@@H](O)CC(=O)O)c(-c2ccc(F)cc2)c2ccccc21,4.17,25.0
COc1ccc(CCN(C)CCCC(C#N)(c2ccc(OC)c(OC)c2)C(C)C)cc1OC,3.96,25.0
NC(Cc1c[nH]c2ccccc12)C(=O)NCC(=O)NC(Cc1ccccc1)C(=O)O,0.99,25.0
CC1CC2C3CC=C4CC(=O)C=CC4(C)C3(F)C(O)CC2(C)C1(O)C(=O)CO,1.83,25.0
CC(=O)OCC(=O)C1(O)CCC2C3CC=C4CC(=O)CCC4(C)C3C(=O)CC21C,2.1,25.0
CC(=O)C(O)O,-0.72,25.0
CC12CCC(=O)C=C1CCC1C2C(O)CC2(C)C(C(=O)CO)CCC12,1.94,25.0
CC12CCC(=O)C=C1CCC1C2C(O)CC2(C)C1CCC2(O)C(=O)CO,1.61,25.0
CC12C=CC(=O)C=C1CCC1C2C(O)CC2(C)C1CCC2(O)C(=O)CO,1.62,25.0
CCCCc1c(O)n(-c2ccccc2)n(-c2ccccc2)c1=O,3.16,25.0
COC(=O)C1C(OC(=O)c2ccccc2)CC2CCC1N2C,2.3,25.0
CN(C)CCCN1c2ccccc2Sc2ccc(Cl)cc21,5.41,25.0
O=C(CCNNC(=O)c1ccncc1)NCc1ccccc1,0.87,25.0
CN1C2CCC1CC(OC(=O)C(CO)c1ccccc1)C2,1.83,25.0
COc1ccc(NC(C)=O)cc1,1.03,25.0
CC12CCC(=O)C=C1CCC1C2C(=O)CC2(C)C1CCC2(O)C(=O)CO,1.47,25.0
CN1CCCC1c1cccnc1,1.17,25.0
COP(=S)(OC)Oc1ccc(SC)c(C)c1,4.09,25.0
N=C(N=C(N)NCCCCCCN=C(N)N=C(N)Nc1ccc(Cl)cc1)Nc1ccc(Cl)cc1,0.08,25.0
NCCCC(=O)O,-3.17,25.0
CCOP(=S)(OCC)Oc1ccc([N+](=O)[O-])cc1,3.83,25.0
NCC(=O)O,-3.21,25.0
CC(N)C(=O)O,-2.85,25.0
NC(C=O)C(O)O,-3.07,25.0
C=CC1CN2CCC1CC2C(O)c1ccnc2ccc(OC)cc12,3.44,25.0
O=C(NC(CO)C(O)c1ccc([N+](=O)[O-])cc1)C(Cl)Cl,1.14,25.0
OCC(O)CO,-1.76,25.0
NC(=O)CCC(N)C(=O)O,-3.64,25.0
NC(CCC(=O)O)C(=O)O,-3.69,25.0
NCCCCC(N)C(=O)O,-3.05,25.0
CN1CCC23c4c5ccc(O)c4OC2C(O)C=CC3C1C5,0.89,25.0
Cn1c(=O)c2c(ncn2C)n(C)c1=O,-0.07,25.0
CCCCSP(=O)(SCCCC)SCCCC,5.7,25.0
CC1=CCC2CC1C2(C)C,4.83,25.0
COP(=S)(OC)SCn1nnc2ccccc2c1=O,2.75,25.0
Clc1cccc2ccccc12,4.0,25.0
Cc1ccc(C(C)C)cc1,4.1,25.0
N#Cc1cccnc1,0.36,25.0
N#Cc1ccccn1,0.45,25.0
OCCc1ccccn1,0.12,25.0
CC(C)OP(C)(=O)F,0.3,25.0
CCCC(=O)O,0.79,25.0
N#CCC#N,-0.6,25.0
O=C(O)c1ccccc1Cl,2.05,25.0
C=CC=CCC1=C(C)C(OC(=O)C2=C(CC(C)C(=O)OC)C2(C)C)CC1=O,4.3,25.0
CC(=O)c1cccc([N+](=O)[O-])c1,1.42,25.0
CCCCCCC(C)O,2.9,25.0
CC(=O)N(C)C,-0.77,25.0
C=C(C)C1CC=C(C)CC1,4.57,25.0
c1ccc2c(c1)cc1ccc3cccc4c5ccccc5c2c1c34,7.71,25.0
c1ccc2c(c1)ccc1nc3ccc4ccccc4c3cc12,5.63,25.0
c1ccc(-c2ccccn2)nc1,1.5,25.0
N=c1cc[nH]cc1,0.32,25.0
N=c1cccc[nH]1,0.48,25.0
O=C(O)c1cccc(Cl)c1,2.68,25.0
CC1=CCC(=C(C)C)CC1,4.47,25.0
CCCCCCCCCCCCCC,7.2,25.0
CC=Cc1ccccc1,3.35,25.0
Cc1c(Cl)c(Cl)c(Cl)c(Cl)c1Cl,5.62,25.0
C=CCOP(=O)(OCC=C)OCC=C,1.76,25.0
C#CCOS(=O)OC1CCCCC1Oc1ccc(C(C)(C)C)cc1,5.0,25.0
FS(F)(F)(F)(F)F,1.68,25.0
CCOc1nc(C(Cl)(Cl)Cl)ns1,3.37,25.0
Clc1c(Cl)c(Cl)c2c(c1Cl)Oc1c(Cl)c(Cl)c(Cl)c(Cl)c1O2,8.2,25.0
ClC1=C(Cl)C2(Cl)C3C(Cl)C(Cl)C(Cl)C3C1(Cl)C2(Cl)Cl,6.08,25.0
CC1=C(C(=O)Nc2ccccc2)S(=O)(=O)CCO1,0.77,25.0
NS(=O)(=O)O,0.10099999999999999,25.0
Cc1ccc(Cl)c(Cl)c1Cl,4.56,25.0
Cc1cccc(C(=O)N2CCCCC2)c1,2.6,25.0
Cc1ccc(C(=O)N2CCCCC2)cc1,2.8,25.0
CN(C)C(=S)S[Fe](SC(=S)N(C)C)SC(=S)N(C)C,-1.6,25.0
Cc1nc([N+](=O)[O-])c(Br)n1C,0.44,25.0
O=C(c1ccccc1Cl)N1CCCCC1,2.8,25.0
Cc1cc(Cl)cc(Cl)c1,3.99,25.0
Clc1cccc2ccccc12,4.08,25.0
Clc1ccc(Oc2ccc(Cl)cc2Cl)c(Cl)c1,5.95,25.0
CC(C)c1cccc(OP(=O)(Oc2ccccc2)Oc2ccccc2)c1,5.31,25.0
Clc1ccc(-c2ccc(Cl)c(Cl)c2Cl)cc1Cl,6.79,25.0
COc1[nH]c(C)nc1[N+](=O)[O-],0.21,25.0
COc1c([N+](=O)[O-])nc(C)n1C,-0.09,25.0
Clc1ccc(-c2cc(Cl)c(Cl)c(Cl)c2Cl)cc1Cl,7.6,25.0
ClC1=C(Cl)C2(Cl)C3C(Cl)C(Cl)C(Cl)C3C1(Cl)C2(Cl)Cl,6.35,25.0
Clc1cc2c(cc1Cl)Oc1c(cc(Cl)c(Cl)c1Cl)O2,6.64,25.0
CCC(CC)Nc1c([N+](=O)[O-])cc(C)c(C)c1[N+](=O)[O-],5.18,25.0
Clc1cc(Cl)c(Cl)c(-c2cc(Cl)c(Cl)cc2Cl)c1,7.12,25.0
Clc1cc(Cl)c(-c2cc(Cl)c(Cl)c(Cl)c2)cc1Cl,7.5,25.0
Clc1cccc(-c2c(Cl)c(Cl)cc(Cl)c2Cl)c1Cl,7.25,25.0
Clc1ccc(Cl)c(-c2c(Cl)c(Cl)c(Cl)c(Cl)c2Cl)c1,7.93,25.0
CC(=O)N(C)c1ccc([N+](=O)[O-])cc1,0.91,25.0
CC(C)(C)c1cccc(OP(=O)(Oc2ccccc2)Oc2ccccc2)c1,5.12,25.0
COc1ccc(C(=O)N2CCCCC2)cc1,2.4,25.0
Brc1ccc(Br)c(-c2cc(Br)c(Br)cc2Br)c1,7.1,25.0
COc1[nH]cnc1[N+](=O)[O-],0.13,25.0
COC(=O)c1ccccc1S(=O)(=O)NC(=O)N=c1nc(C)[nH]c(OC)n1,2.2,25.0
Cc1c([N+](=O)[O-])nc(Br)n1C,0.39,25.0
