,smiles,pH_range,logP
0,C#CC1(O)CCC2C3CCC4=Cc5oncc5CC4(C)C3CCC21C,1,4.53
1,C#CCN1C(=O)C2CC[C@@](C)(C1=O)C2(C)C,0,2.28
2,C#CCOc1c(I)cc(C=C2C(=O)N(C)C(=S)N(C)C2=O)cc1OCC,0,3.72
3,C#CCOc1ccc(C2C3=C(CC(C)(C)CC3=O)OC3=C2C(=O)CC(C)(C)C3)cc1OCC,0,4.93
4,C#Cc1cccc(NC(=O)c2cc(C(=O)Nc3cccc(C#C)c3)cc(N3C(=O)c4ccccc4C3=O)c2)c1,0,6.85
5,C(=C/c1ccccc1)\CN1CCN(C(c2ccccc2)c2ccccc2)CC1,0,5.77
6,C(=N/n1cnnc1)\c1ccc(-n2nc(-c3ccccc3)cc2-c2ccccc2)cc1,2,5.58
7,C/C(=C\c1ccco1)[C@@H]1c2c(-c3ccccc3)n[nH]c2OC(=N)C1C#N,2,4.82
8,C/C=C/CC(C)C(O)C1C(=O)NC(CC)C(=O)N(C)CC(=O)N(C)C(CC(C)C)C(=O)NC(C(C)C)C(=O)N(C)C(CC(C)C)C(=O)NC(C)C(=O)NC(C)C(=O)N(C)C(CC(C)C)C(=O)N(C)C(CC(C)C)C(=O)N(C)C(C(C)C)C(=O)N1C,0,2.92
9,C=C(C)CSc1nnc(-c2cccc(S(=O)(=O)N3CCOCC3)c2)n1C1CCCC1,2,4.73
10,C=C(c1ccc(N(C)C)cc1)c1ccc(N(C)C)cc1,1,5.3
11,C=CCC(CC=C)(C(=O)NC(N)=O)C(=O)OC,0,1.37
12,C=CCC1(C(C)CC)C(=O)NC(=O)NC1=O,1,1.47
13,C=CCC1(CC)C(=O)NC(=O)NC1=O,0,0.95
14,C=CCCCCCCCCC(=O)O,0,3.86
15,C=CCN1C(=S)N(c2ccc(CC)cc2)[C@H]2CS(=O)(=O)C[C@@H]21,0,2.86
16,C=CCNC(=O)CSc1nc(C(F)F)cc(-c2cn(C)nc2C)c1C#N,1,3.74
17,C=CCNC(=O)CSc1nnc(CCn2nc(C)c(Br)c2C)n1CC,2,3.53
18,C=CCOC(=O)COc1ccc2c(=O)c(-c3ccc(Cl)cc3)c(C)oc2c1,0,4.84
19,C=CCOc1cccc([C@@H]2c3c(oc4ccccc4c3=O)C(=O)N2c2nnc(C)s2)c1,1,4.52
20,C=CCn1/c(=N/C(=O)c2cc(OC)c(OC)c(OC)c2)sc2cccc(OC)c21,2,5.14
21,C=CCn1c(C)c(C=C2C(=O)OC3(CCCCC3)OC2=O)c2ccccc21,0,4.62
22,C=CCn1c(SCC(=O)N2C[C@@]3(C)C[C@@H]2CC(C)(C)C3)nc2sc(CC)cc2c1=O,2,6.04
23,C=CCn1c(SCC(=O)NCc2ccc(C(=O)OCC)cc2)nc2sc(C)c(C)c2c1=O,1,4.83
24,C=CCn1c(SCC(=O)Nc2ccc(C)c(F)c2)nnc1-c1cccs1,1,4.48
25,C=CCn1c(SCc2ccccc2)nc2ccccc2c1=O,1,5.11
26,C=C[C@H]1CN2CCC1C[C@H]2[C@H](O)c1ccnc2ccc(OC)cc12,1,2.64
27,C=c1c(=Cc2sc(=S)n(CC)c2O)cc(C)n1-c1ccc2c(c1)OCO2,1,2.52
28,CC(=O)/N=c1/sc2nc3ccccc3nc2n1N(C(C)=O)C(C)=O,2,1.1
29,CC(=O)/N=c1\sc(S(N)(=O)=O)nn1C,1,0.13
30,CC(=O)C(N)C(=O)NC(C(=O)NC(CC(C)C)C(O)O)C(C)C,1,-1.97
31,CC(=O)C(N)C(O)NC(C(=O)O)C(C)C,1,-1.25
32,CC(=O)C(NC(=O)C(CC(C)C)NC(=O)C(Cc1ccccc1)NC(=O)C(N)C(C)C)C(O)O,1,-1.32
33,CC(=O)C(NC(=O)C(N)Cc1c[nH]cn1)C(O)O,1,-2.23
34,CC(=O)C1=C(C)N=C(SCC(=O)Nc2ccccc2)C(C#N)[C@H]1c1ccccc1Cl,2,4.97
35,CC(=O)C1=C(C)N=C(SCC(=O)c2ccc(Cl)cc2Cl)C(C#N)[C@@H]1c1cccs1,2,5.25
36,CC(=O)N(C)S(=O)(=O)c1ccc(C)cc1,1,1.73
37,CC(=O)N(c1ccccc1)c1nc(/C=C/C(=O)Nc2ccc3c(c2)OCO3)cs1,2,4.37
38,CC(=O)N1Cc2ccccc2CC1C(=O)OCc1ccc(C#N)cc1,0,2.41
39,CC(=O)N=c1[nH]c2cc3sc(=NC(C)=O)[nH]c3cc2s1,1,3.13
40,CC(=O)N=c1[nH]nc(S(N)(=O)=O)s1,1,-0.26
41,CC(=O)NC(Cc1ccc(OP(=O)(OCCSC(=O)C(C)(C)C)OCC2OC(n3cc(C)c(=O)[nH]c3=O)CC2N=[N+]=[N-])cc1)C(N)=O,1,1.52
42,CC(=O)NCCc1ccc(S(=O)(=O)N2CCOCC2)cc1,0,2.0
43,CC(=O)NCc1c(I)c(NC(C)=O)c(I)c(C(=O)O)c1I,0,0.5
44,CC(=O)NS(=O)(=O)c1ccc(N)cc1,0,-0.96
45,CC(=O)NS(=O)(=O)c1ccc(N)cc1,1,-0.96
46,CC(=O)N[C@H]1[C@@H](Oc2cccc3ccccc23)O[C@@H]2COC(C)(C)O[C@H]2[C@@H]1O,1,3.8
47,CC(=O)Nc1cc(NS(=O)(=O)C(F)(F)F)c(C)cc1C,0,2.02
48,CC(=O)Nc1ccc(C(=O)N(Cc2ccco2)C2(C(=O)Nc3c(C)cccc3C)CCCCC2)cc1,0,4.62
49,CC(=O)Nc1ccc(NN=C(C#N)C#N)cc1,0,1.83
50,CC(=O)Nc1ccc(NN=C(C#N)C#N)cc1,1,1.83
51,CC(=O)Nc1ccc(S(N)(=O)=O)cc1,0,-0.04
52,CC(=O)Nc1ccc([C@@H]2c3c(C)nn(-c4cccc(Cl)c4)c3OC(=N)C2C#N)cc1,1,4.93
53,CC(=O)Nc1ccc([C@H]2c3c(-c4cc(C)sc4C)n[nH]c3OC(=N)C2C#N)cc1,2,4.26
54,CC(=O)Nc1cccc(C(=O)OCC(=O)c2c(N)n(C)c(=O)n(C)c2=O)c1,0,3.57
55,CC(=O)OCn1c(=O)[nH]cc(F)c1=O,0,-0.42
56,CC(=O)OCn1cc(F)c(=O)[nH]c1=O,0,-0.67
57,CC(=O)Oc1cc(C(=O)Nc2ccc(Oc3ccccc3)cc2)cc(OC(C)=O)c1OC(C)=O,2,2.89
58,CC(=O)Oc1ccc(C(=O)Nc2cccc(C(=O)c3cccc(NC(=O)c4ccc(OC(C)=O)cc4)c3)c2)cc1,0,5.34
59,CC(=O)Oc1cccc(N2C(=O)c3ccc(C(=O)c4ccc5c(c4)C(=O)N(c4cccc(OC(C)=O)c4)C5=O)cc3C2=O)c1,0,5.13
60,CC(=O)Oc1ccccc1C(=O)O,0,1.19
61,CC(=O)Oc1ccccc1C(=O)O,1,1.19
62,CC(=O)c1c(C)[nH]c(C(=O)COC(=O)c2ccccc2NC(=O)c2ccco2)c1C,0,4.73
63,CC(=O)c1cc2ccccc2o1,0,2.15
64,CC(=O)c1ccc(-c2ccc([C@H]3NC(=S)N=C(C)C3C(=O)OC(C)(C)C)o2)cc1,0,4.53
65,CC(=O)c1ccc(C(C)(C)C)cc1NC(=O)c1ccccc1,0,5.13
66,CC(=O)c1ccc(N)cc1,2,0.83
67,CC(=O)c1ccc(N2CCN(C(=O)/C=C/c3ccc(C)o3)CC2)cc1,2,4.3
68,CC(=O)c1ccc(NC(=O)CNC(=O)CNC(=O)C2O[C@@H]3OC(C)(C)O[C@@H]3[C@H]3OC(C)(C)O[C@@H]23)cc1,0,3.39
69,CC(=O)c1ccc(NN=C(C#N)C#N)cc1,0,2.1
70,CC(=O)c1ccc(S(=O)(=O)NC(=O)NC2CCCCC2)cc1,0,2.44
71,CC(=O)c1ccc(S(=O)(=O)NC(=O)NC2CCCCC2)cc1,1,2.44
72,CC(=O)c1cccc(-n2c(O)c3c(c2O)[C@@H]2C=C[C@H]3C2=C(c2ccc(C)cc2)c2ccc(C)cc2)c1,0,6.25
73,CC(=O)c1sc(SCCOc2ccccc2)nc1C,0,3.86
74,CC(=O)n1cc(O)n(CC(=O)N(Cc2ccccc2)c2nc(-c3ccccc3)cs2)c1=S,1,4.43
75,CC(C(=O)NC1CCCC1)N(c1ccc(Cl)cc1)S(C)(=O)=O,0,3.48
76,CC(C(=O)Nc1ccc2c(C(F)(F)F)cc(=O)oc2c1)n1nc(C(F)(F)F)c(Cl)c1C1CC1,0,6.63
77,CC(C(=O)O)c1ccc(-c2ccccc2)c(F)c1,0,3.7675
78,CC(C(=O)O)c1ccc(-c2ccccc2)c(F)c1,1,3.665
79,CC(C(=O)O)c1ccc(C(=O)c2cccs2)cc1,0,3.4
80,CC(C(=O)O)c1ccc(C(=O)c2cccs2)cc1,1,3.4
81,CC(C(=O)O)c1cccc(C(=O)c2ccccc2)c1,0,3.0650000000000004
82,CC(C(=O)O)c1cccc(C(=O)c2ccccc2)c1,1,3.06
83,CC(C)(C)C(=O)C1[C@H](c2ccsc2)C(C#N)(C#N)[C@H]2C=Cc3ccccc3N12,2,3.37
84,CC(C)(C)C(=O)Nc1ccc(NC(=O)C(C)(C)C)cc1,0,2.79
85,CC(C)(C)C(=O)OCn1cc(F)c(=O)n(COC(=O)C(C)(C)C)c1=O,0,2.54
86,CC(C)(C)C1(C)OC(C(N)=O)C(C(N)=O)O1,1,1.6
87,CC(C)(C)C1CCC(=Cc2c(O)c(O)c3ccccc3c2O)CC1,1,7.02
88,CC(C)(C)NC(=S)Nc1ccc(F)cc1,0,2.71
89,CC(C)(C)OC(=O)N1CCCC1C(=O)Oc1ccc2c(=O)c(-c3ccc(F)cc3)coc2c1,0,5.77
90,CC(C)(C)S(=O)(=O)C(C#N)C=Nc1ccc(OC(F)(F)F)cc1,1,4.28
91,CC(C)(C)c1cc(-c2nc(-c3ccc(C(F)(F)F)cn3)no2)n(Cc2ccccc2)n1,2,6.58
92,CC(C)(C)c1cc(C(F)(F)F)nc(SCCNC(=O)C2CCCCC2)n1,1,5.77
93,CC(C)(C)c1cc(Cc2ccccc2)[nH]n1,2,4.35
94,CC(C)(C)c1ccc(C(O)CCCN2CCC(C(O)(c3ccccc3)c3ccccc3)CC2)cc1,0,5.72
95,CC(C)(C)c1ccc(C(O)CCCN2CCC(C(O)(c3ccccc3)c3ccccc3)CC2)cc1,1,5.72
96,CC(C)(CNCCc1ccc(O)c2[nH]c(=O)sc12)CSCCOCCc1ccccc1N,1,3.44
97,CC(C)=CC(=O)OCC(=O)Nc1ccc(S(=O)(=O)N(C)C)cc1,0,2.26
98,CC(C)=CCCC1=NN(C=O)[C@@](C)(CCC=C(C)C)C1,2,5.02
99,CC(C)C(=O)N[C@H](Oc1ccc(C=O)cc1)C(Cl)(Cl)Cl,0,3.68
100,CC(C)C(C(=O)N=c1[nH]c(-c2ccc(S(=O)(=O)N3CCOCC3)cc2)cs1)N1C(=O)c2ccccc2C1=O,1,5.32
101,CC(C)C(N)C(=O)N1CCCC1C(=O)NCC(=O)NC(C(=O)O)C(C)C,1,-2.83
102,CC(C)C(N)C(=O)NC(CCC(N)=O)C(=O)O,1,-1.82
103,CC(C)C(N)C(=O)NCC(=O)NC(Cc1ccccc1)C(=O)NC(Cc1ccccc1)C(=O)O,1,-0.51
104,CC(C)C(NC(=O)C(Cc1c[nH]cn1)NC(=O)C(N)Cc1c[nH]c2ccccc12)C(=O)O,2,0.31
105,CC(C)C(NC(=O)C(Cc1ccccc1)NC(=O)C(N)CCCCN)C(=O)O,2,0.51
106,CC(C)C(NC(=O)C(N)CC(N)=O)C(=O)O,1,-1.85
107,CC(C)C(NC(=O)C(N)CO)C(=O)O,1,-1.53
108,CC(C)C(NC(=O)C(N)Cc1c[nH]c2ccccc12)C(=O)O,1,0.73
109,CC(C)C(NC(=O)C(N)Cc1ccc(O)cc1)C(=O)O,1,-0.2
110,CC(C)C(NC(=O)C(N)Cc1ccccc1)C(=O)NC(Cc1ccc(O)cc1)C(=O)NC(Cc1ccccc1)C(=O)O,1,-0.32
111,CC(C)C(NC(=O)C(N)Cc1ccccc1)C(=O)O,1,0.43
112,CC(C)C(NC(=O)C([NH3+])Cc1ccc(O)cc1)C(=O)NC(Cc1ccccc1)C(=O)[O-],1,-1.37
113,CC(C)C(NC(=O)C([NH3+])Cc1ccccc1)C(=O)NC(Cc1ccccc1)C(=O)[O-],1,-0.76
114,CC(C)C(NC(=O)C([NH3+])Cc1ccccc1)C(=O)NCC(=O)[O-],1,-2.33
115,CC(C)C(NC(=O)CCC(N)C(=O)O)C(=O)O,1,-1.85
116,CC(C)C(NC(=O)CN)C(=O)NC(Cc1ccccc1)C(=O)O,1,-1.96
117,CC(C)C(NC(=O)CN)C(=O)O,1,-1.33
118,CC(C)C(NC(=O)[C@H](C)N)C(=O)O,1,-1.13
119,CC(C)C(O)(c1ccc(OC(F)(F)F)cc1)c1cncnc1,2,3.34
120,CC(C)C(Sc1nnc(C(F)(F)F)n1C)C(=O)NC(N)=O,1,2.12
121,CC(C)C([NH3+])C(=O)NC(Cc1ccc(O)cc1)C(=O)[O-],1,-2.52
122,CC(C)C([NH3+])C(=O)NC(Cc1ccccc1)C(=O)NC(Cc1ccc(O)cc1)C(=O)[O-],1,-1.5
123,CC(C)C1(C)N=C(c2ncccc2C(=O)O)NC1=O,0,0.11
124,CC(C)CC(N)C(=O)N1CCCC1C(=O)NC(CC(C)C)C(=O)NC(CC(C)C)C(=O)O,1,-0.92
125,CC(C)CC(N)C(=O)N=C(CCCNC(N)N)C(=O)NC(Cc1ccccc1)C(=O)O,2,-0.06
126,CC(C)CC(N)C(=O)NC(C(=O)NC(CC(C)C)C(=O)O)C(C)C,1,-1.57
127,CC(C)CC(N)C(=O)NC(C)C(=O)NC(CC(C)C)C(=O)O,1,-2.03
128,CC(C)CC(N)C(=O)NC(C)C(=O)NCC(=O)NC(Cc1ccccc1)C(=O)O,1,-1.78
129,CC(C)CC(N)C(=O)NC(CC(=O)O)C(=O)NC(CC(C)C)C(=O)O,0,0.16
130,CC(C)CC(N)C(=O)NC(CC(C)C)C(=O)N1CCCC1C(=O)NC(CC(C)C)C(=O)O,1,-1.0
131,CC(C)CC(N)C(=O)NC(CC(C)C)C(=O)NC(C(=O)NC(Cc1ccccc1)C(=O)O)C(C)C,1,-0.25
132,CC(C)CC(N)C(=O)NC(CC(C)C)C(=O)NC(C)C(=O)NC(Cc1ccccc1)C(=O)O,1,-1.0
133,CC(C)CC(N)C(=O)NC(CC(C)C)C(=O)NC(CC(C)C)C(=O)N1CCCC1C(=O)O,1,-1.18
134,CC(C)CC(N)C(=O)NC(CC(C)C)C(=O)NC(CC(C)C)C(=O)NC(C(=O)O)C(C)C,1,-0.51
135,CC(C)CC(N)C(=O)NC(CC(C)C)C(=O)NC(CC(C)C)C(=O)NC(Cc1ccccc1)C(=O)O,1,0.24
136,CC(C)CC(N)C(=O)NC(CC(C)C)C(=O)NC(CC(C)C)C(=O)O,1,-0.94
137,CC(C)CC(N)C(=O)NC(CC(C)C)C(=O)NC(Cc1ccc(O)cc1)C(=O)O,1,-1.34
138,CC(C)CC(N)C(=O)NC(CC(C)C)C(=O)NCC(=O)NC(Cc1ccccc1)C(=O)O,1,-0.42
139,CC(C)CC(N)C(=O)NC(CC(C)C)C(=O)O,1,-1.46
140,CC(C)CC(N)C(=O)NC(CC(N)=O)C(=O)O,1,-1.3
141,CC(C)CC(N)C(=O)NC(CCCCN)C(=O)NC(Cc1ccccc1)C(=O)O,2,1.14
142,CC(C)CC(N)C(=O)NC(Cc1c[nH]c2ccccc12)C(=O)O,1,-2.1
143,CC(C)CC(N)C(=O)NC(Cc1ccc(O)cc1)C(=O)O,1,-1.94
144,CC(C)CC(N)C(=O)NC(Cc1ccccc1)C(=O)NC(CCCN=C(N)N)C(=O)O,2,-0.12
145,CC(C)CC(N)C(=O)NC(Cc1ccccc1)C(=O)O,1,-1.15
146,CC(C)CC(N)C(=O)O.CC(N)C(=O)O,1,-0.54
147,CC(C)CC(NC(=O)C(CC(=O)O)NC(=O)C(N)Cc1ccccc1)C(=O)O,0,0.39
148,CC(C)CC(NC(=O)C(CC(C)C)NC(=O)C(CC(C)C)NC(=O)C1CCCN1)C(=O)O,1,-1.06
149,CC(C)CC(NC(=O)C(CC(C)C)NC(=O)C(NC(=O)C(C)N)C(C)C)C(=O)O,1,-1.74
150,CC(C)CC(NC(=O)C(CC(C)C)NC(=O)C([NH3+])CO)C(=O)[O-],1,-2.03
151,CC(C)CC(NC(=O)C(CC(C)C)NC(=O)C1CCC[NH2+]1)C(=O)[O-],1,-1.64
152,CC(C)CC(NC(=O)C(CC(C)C)NC(=O)CNC(=O)C(N)Cc1c[nH]c2ccccc12)C(=O)O,1,0.06
153,CC(C)CC(NC(=O)C(Cc1c[nH]c2ccccc12)NC(=O)C([NH3+])Cc1c[nH]c2ccccc12)C(=O)[O-],1,0.36
154,CC(C)CC(NC(=O)C(Cc1c[nH]cn1)NC(=O)C(N)Cc1ccccc1)C(=O)O,2,0.64
155,CC(C)CC(NC(=O)C(Cc1ccc(O)cc1)NC(=O)C([NH3+])Cc1ccc(O)cc1)C(=O)[O-],1,-1.38
156,CC(C)CC(NC(=O)C(Cc1ccccc1)NC(=O)C(N)CC(=O)O)C(=O)O,0,0.4
157,CC(C)CC(NC(=O)C(Cc1ccccc1)NC(=O)C(N)CCCCN)C(=O)O,2,0.98
158,CC(C)CC(NC(=O)C(Cc1ccccc1)NC(=O)C(N)CCCN=C(N)N)C(=O)O,2,-0.03
159,CC(C)CC(NC(=O)C(Cc1ccccc1)NC(=O)CNC(=O)CNC(=O)C(N)Cc1ccc(O)cc1)C(=O)O,1,-0.8
160,CC(C)CC(NC(=O)C(N)C(C)C)C(=O)O,1,-2.07
161,CC(C)CC(NC(=O)C(N)CCC(N)=O)C(=O)O,1,-1.32
162,CC(C)CC(NC(=O)C(N)CCCCN)C(=O)O,2,-0.26
163,CC(C)CC(NC(=O)C(N)CO)C(=O)O,1,-2.49
164,CC(C)CC(NC(=O)C(N)Cc1c[nH]c2ccccc12)C(=O)NC(CC(C)C)C(=O)NC(C(=O)O)C(C)C,1,0.23
165,CC(C)CC(NC(=O)C(N)Cc1c[nH]c2ccccc12)C(=O)O,1,-0.73
166,CC(C)CC(NC(=O)C(N)Cc1ccccc1)C(=O)O,1,-1.17
167,CC(C)CC(NC(=O)C(NC(=O)C(CC(C)C)NC(=O)C(N)C(C)C)C(C)C)C(=O)O,1,-1.23
168,CC(C)CC(NC(=O)C(NC(=O)C1CCCN1C(=O)C(N)C(C)C)C(C)C)C(=O)O,1,-1.91
169,CC(C)CC(NC(=O)C([NH3+])Cc1ccc(O)cc1)C(=O)NC(C(=O)[O-])C(C)C,1,-1.45
170,CC(C)CC(NC(=O)C1CCCN1)C(=O)O,1,-2.41
171,CC(C)CC(NC(=O)CC(O)C(CC(C)C)NC(=O)C(Cc1c[nH]cn1)NC(=O)C(Cc1ccccc1)NC(=O)OC(C)(C)C)C(=O)NC(C(=O)O)c1ccccc1,1,1.22
172,CC(C)CC(NC(=O)CC(O)C(CC(C)C)NC(=O)C(Cc1c[nH]cn1)NC(=O)C(Cc1ccccc1)NC(=O)OC(C)(C)C)C(=O)NC(Cc1cccc(CN)c1)C(=O)O,1,1.83
173,CC(C)CC(NC(=O)CC(O)C(CC(C)C)NC(=O)C(Cc1c[nH]cn1)NC(=O)C(Cc1ccccc1)NC(=O)OC(C)(C)C)C(=O)NCCC(N)C(=O)O,1,1.08
174,CC(C)CC(NC(=O)CC(O)C(CC(C)C)NC(=O)C(Cc1c[nH]cn1)NC(=O)C(Cc1ccccc1)NC(=O)OC(C)(C)C)C(=O)NCCCN(CCO)CCO,1,1.4
175,CC(C)CC(NC(=O)CC(O)C(CC(C)C)NC(=O)C(Cc1c[nH]cn1)NC(=O)C(Cc1ccccc1)NC(=O)OC(C)(C)C)C(=O)NCc1cccc(CN)c1,1,1.89
176,CC(C)CC(NC(=O)CN)C(=O)O,1,-0.78
177,CC(C)CC([NH3+])C(=O)N1CCCC1C(=O)NC(CC(C)C)C(=O)[O-],1,-1.56
178,CC(C)CC([NH3+])C(=O)N1CCCC1C(=O)[O-],1,-1.76
179,CC(C)CC([NH3+])C(=O)NC(C=O)C(=O)NC(CC(C)C)C([O-])O,1,-2.35
180,CC(C)CC([NH3+])C(=O)NC(CC(C)C)C(=O)N1CCCC1C(=O)[O-],1,-1.58
181,CC(C)CCn1c(=NCCO)[nH]c2c1c(=O)n(C)c(=O)n2C,0,5.36
182,CC(C)CCn1c(=NCCO)[nH]c2c1c(=O)n(C)c(=O)n2C,1,2.93
183,CC(C)COC(=O)n1c(-c2cscn2)nc2ccccc21,1,3.46
184,CC(C)COC(=O)n1cc(F)c(=O)[nH]c1=O,0,0.87
185,CC(C)COc1ccc(C(=O)N2N=C(C(F)F)C[C@@]2(O)C(F)F)cc1,0,5.16
186,CC(C)Cc1ccc(C(C)C(=O)O)cc1,0,4.13
187,CC(C)Cc1ccc(C(C)C(=O)O)cc1,1,4.13
188,CC(C)Cc1ccc(CC(=O)O)cc1,0,3.35
189,CC(C)Cc1ccc(CC(=O)O)cc1,1,3.35
190,CC(C)Cn1c(O)c(C=C2CC=CCC2)sc1=S,0,6.66
191,CC(C)N(C(=O)CSc1n[nH]c(=NCc2ccccc2)s1)C(C)C,1,4.09
192,CC(C)N(Cc1ccccc1)C(=O)C(C)(C)C,1,3.0
193,CC(C)N(Cc1nc(-c2ccccc2)no1)C(=O)c1ccccc1CCc1ccccc1,0,5.98
194,CC(C)N(Cc1nnc(-c2ccc(Cl)cc2)o1)C(=O)C1COc2ccccc2O1,0,4.09
195,CC(C)N=c1nc(Cl)[nH]c(=NC(C)C)[nH]1,2,2.93
196,CC(C)NC(=O)COC(=O)c1ccc(S(=O)(=O)N2CCCCCC2)cc1,0,3.78
197,CC(C)NC(=S)N1CCN(S(=O)(=O)c2cccc(C(F)(F)F)c2)CC1,0,3.9
198,CC(C)NCC(O)COc1ccc(CC(N)=O)cc1,2,0.19
199,CC(C)NCC(O)COc1cccc2[nH]ccc12,1,1.75
200,CC(C)NCC(O)COc1cccc2[nH]ccc12,2,1.75
201,CC(C)OC(=O)C(Cc1ccc(OC(=O)N(C)C)cc1)NC(=O)C1N(S(=O)(=O)c2cnn(C)c2)CSC1(C)C,0,2.46
202,CC(C)OC(=O)C1=C(CSc2nc3c(cc2C#N)CCCCC3)OC(=N)C(C#N)[C@@H]1c1ccncc1,2,5.43
203,CC(C)OC(=O)CC(CN)c1ccc(Cl)cc1,1,1.27
204,CC(C)OC(=O)c1ccc2[nH]c3c(c2c1)CCCC3,0,4.97
205,CC(C)OCCCNC(=O)C(=O)NCc1ccc(C(C)C)cc1,0,4.57
206,CC(C)[C@H]1O[C@H]2CCCC[C@H]2C2=CCCC[C@H]21,0,5.87
207,CC(C)c1n[nH]c(=NS(=O)(=O)c2ccc(N)cc2)s1,0,0.54
208,CC(C)c1n[nH]c(=NS(=O)(=O)c2ccc(N)cc2)s1,1,0.54
209,CC(CCC(=O)O)C1CCC2C3C(O)CC4CC(O)CCC4(C)C3CC(O)C12C,0,2.39
210,CC(CCC(=O)O)C1CCC2C3C(O)CC4CC(O)CCC4(C)C3CCC12C,0,4.15
211,CC(CCc1ccccc1)NCC(O)c1ccc(O)c(C(N)=O)c1,0,1.33
212,CC(CCc1ccccc1)NCC(O)c1ccc(O)c(C(N)=O)c1,1,1.33
213,CC(CCc1ccccc1)NCC(O)c1ccc(O)c(C(N)=O)c1,2,1.33
214,CC(CN1c2ccccc2Sc2ccccc21)N(C)C,1,4.81
215,CC(COCCCS(=O)(=O)CCNCCc1ccc(O)c2[nH]c(=O)sc12)c1ccccc1,1,2.32
216,CC(Cc1ccccc1)OCCCS(=O)(=O)CCNCCc1ccc(O)c2[nH]c(=O)sc12,1,1.81
217,CC(N)C(=O)NC(C)C(=O)O,1,-2.0
218,CC(N=C1NS(=O)(=O)c2ccccc21)C(=O)OCC(=O)/C=C1/N(C)c2ccccc2C1(C)C,0,4.21
219,CC(NC(=O)C(C)NC(=O)C(N)C(C)C)C(=O)NC(Cc1ccccc1)C(=O)O,1,-1.91
220,CC(NC(=O)C(Cc1ccccc1)NC(=O)C([NH3+])Cc1c[nH]c2ccccc12)C(=O)[O-],1,-1.0
221,CC(NC(=O)C(N)C(C)C)C(=O)O,1,-1.14
222,CC(NC(=O)C(N)Cc1c[nH]c2ccccc12)C(=O)O,1,-1.98
223,CC(NC(=O)C(NC(=O)C([NH3+])Cc1ccccc1)C(C)C)C(=O)[O-],1,-2.19
224,CC(NS(C)(=O)=O)c1ccccc1,0,1.8
225,CC(OC(=O)c1cccc(C(F)(F)F)c1)C(N)=O,0,2.75
226,CC(Oc1ccc(Cl)cc1Cl)C(=O)O,1,1.77
227,CC(Oc1ccc(F)cc1F)C(=O)c1cn(-c2ccc(OC(F)(F)F)cc2)nn1,0,5.83
228,CC(Oc1ccccc1)C(=O)Nc1ccc(OC(F)(F)F)cc1,0,4.77
229,CC(Sc1nc2ccccc2c(=O)n1-c1ccc(F)cc1)C(=O)NCc1ccc2c(c1)OCO2,0,4.63
230,CC(Sc1nnc(-c2ccc(F)cc2)n1-c1ccccc1)C(N)=O,1,3.38
231,CC(Sc1nnnn1-c1ccc(Cl)cc1)C(=O)NCC(=O)Nc1ccc(F)c(F)c1F,0,4.52
232,CC/C=C(\C)C1(CC)C(=O)NC(=O)NC1=O,0,1.57
233,CC/C=C(\C)C1(CC)C(=O)NC(=O)NC1=O,1,1.57
234,CC/N=C1\S/C(=C\c2cn(CC(=O)Nc3cccc(C)c3)c3ccccc23)C(=O)N1CC,2,5.8
235,CC1(C)C(C(=O)N2CCOCC2)CC[C@]1(C)C(=O)N1CCOCC1,0,2.46
236,CC1(C)C=C2C(C(=O)C1)[C@@H](c1cccc(Cl)c1)C(C#N)C(=N)N2c1c(F)cccc1F,0,5.04
237,CC1(C)C=C2OC(=N)C(C#N)C3(CCC4(CC3)OCCO4)C2C(=O)C1,2,3.24
238,CC1(C)C=C2OC(=N)C(C#N)[C@@H](c3c4ccccc4cc4ccccc34)C2C(=O)C1,2,4.99
239,CC1(C)C=C2OC(=N)C(C#N)[C@@H](c3ccc(C(F)(F)F)cc3)C2C(=O)C1,0,4.55
240,CC1(C)C[C@](C)(O)[P@](C)(=O)O1,0,0.71
241,CC1(C)OC[C@H](COc2c(F)c(N3CCOCC3)nc(F)c2Cl)O1,0,4.07
242,CC1(C)[C@@]2(C)CC[C@]1(C(=O)Nc1ccccc1C(F)(F)F)c1nc3ccccc3nc12,1,6.01
243,CC12C=CC(=O)C=C1CCC1C3CC(O)C(O)(C(=O)CO)C3(C)CC(O)C12F,1,1.16
244,CC12CCC(=O)C=C1CCC1C2C(O)CC2(C)C(C(=O)CO)CCC12,1,1.94
245,CC12CCCC(C(N)=O)(CCC1)C2,0,2.73
246,CC1=C(C(=O)N2CCCCC2)C(c2cccs2)C2C(=O)CCCC2=N1,1,3.37
247,CC1=C(C(=O)OCCc2ccccc2)[C@@H](c2ccc(Cl)cc2)C2C(=O)CCCC2=N1,1,5.48
248,CC1=C(C(=O)OCCc2ccccc2)[C@@H](c2ccc3c(c2)OCO3)C2C(=O)C[C@@H](c3cccs3)CC2=N1,2,5.44
249,CC1=C(C)Cc2c(c(O)n(-c3cccc(Br)c3)c2O)C1,0,3.93
250,CC1=C(CC(=O)O)c2cc(F)ccc2C1=Cc1ccc(S(C)=O)cc1,0,3.42
251,CC1=CC(C(F)(F)F)(C(F)(F)F)C(C#N)C(=N)N1c1ccc(C(N)=O)cc1,0,4.41
252,CC1=CC(C)C(CO)(CO)C(C)C1,0,2.93
253,CC1=NN(C(=O)c2ccccc2Cl)[C@](O)(c2ccc(Cl)cc2)C1,0,3.73
254,CC1CCC2(CC1)N=C(c1ccccc1)C(=O)N2CC(=O)Nc1ccc2c(c1)OCCO2,1,5.07
255,CC1CCCC(C)N1C(=O)CSc1nnc(-c2ccco2)n1Cc1ccccc1,1,4.49
256,CC1CCN(S(=O)(=O)N2CCC(C(=O)N[C@@H](C)c3ccccc3)CC2)CC1,0,4.92
257,CC1CN(c2nc3ccccn3c(=O)c2C=C(C#N)C#N)CC(C)O1,2,3.24
258,CC1OC(OC2C(O)CC(OC3C(O)CC(OC4CCC5(C)C(CCC6C5CCC5(C)C(c7coc(O)c7)CCC65O)C4)OC3C)OC2C)CC(O)C1O,1,1.85
259,CC1c2cccc(O)c2C(=O)C2C(=O)C3(O)C(=O)C(C(N)=O)C(=O)C(N(C)C)C3C(O)C21,0,-0.22
260,CC=NC(=O)C(Cc1cn(-c2ccccc2)nc1-c1cccs1)NC(=O)c1ccccc1,0,4.64
261,CCC(=NN=c1sc(C)c(O)n1Cc1ccco1)c1ccccc1,1,5.07
262,CCC(=O)N(c1ccccc1)C1(COC)CCN(CCc2cccs2)CC1,0,3.95
263,CCC(=O)N(c1ccccc1)C1(COC)CCN(CCc2cccs2)CC1,1,3.95
264,CCC(=O)N(c1ccccc1)C1(COC)CCN(CCc2cccs2)CC1,2,3.95
265,CCC(=O)N(c1ccccc1)C1CCN(CCc2ccccc2)CC1,0,4.37
266,CCC(=O)N(c1ccccc1)C1CCN(CCc2ccccc2)CC1,1,4.37
267,CCC(=O)N(c1ccccc1)C1CCN(CCc2ccccc2)CC1,2,4.37
268,CCC(=O)N1N=C(c2ccc(C3=NN(C(=O)CC)[C@@H](c4cccc(OC)c4OC)C3)cc2)C[C@@H]1c1cccc(OC)c1OC,1,6.65
269,CCC(=O)O[C@@](Cc1ccccc1)(c1ccccc1)[C@@H](C)CN(C)C,1,4.37
270,CCC(=O)O[C@@](Cc1ccccc1)(c1ccccc1)[C@@H](C)CN(C)C,2,4.37
271,CCC(=O)n1c(=O)[nH]cc(F)c1=O,0,0.19
272,CCC(C(=O)N1CCCN(C(=O)C(CC)c2ccccc2)CC1)c1ccccc1,0,4.93
273,CCC(C)(C)C(=O)OC1CC(C)C=C2C=C[C@H](C)[C@H](CC[C@@H]3CC(O)CC(=O)O3)[C@H]21,0,4.68
274,CCC(C)C(=O)OC1CC(C)C=C2C=C[C@H](C)[C@H](CC[C@@H]3CC(O)CC(=O)O3)[C@H]21,0,4.26
275,CCC(C)C(=O)OC1CCC=C2C=C[C@H](C)[C@H](CCC3C[C@@H](O)CC(=O)O3)C21,0,3.95
276,CCC(C)C(=O)OC1C[C@H](O)C=C2C=CC(C)[C@H](CCC3C[C@@H](O)CC(=O)O3)C21,0,2.42
277,CCC(C)C(N)C(=O)N1CCCC1C(=O)NC(C(=O)O)C(C)CC,1,-1.65
278,CCC(C)C(N)C(=O)N1CCCC1C(=O)NCC(=O)NC(C(=O)O)C(C)CC,1,1.69
279,CCC(C)C(N)C(=O)N1CCCC1C(=O)[O-],1,-1.79
280,CCC(C)C(N)C(=O)NC(C(=O)NC(C(=O)NC(C(=O)NC(C(=O)O)C(C)CC)C(C)C)C(C)C)C(C)C,1,-0.89
281,CCC(C)C(N)C(=O)NC(C(=O)NC(C(=O)NC(C(=O)O)C(C)C)C(C)C)C(C)CC,1,-1.41
282,CCC(C)C(N)C(=O)NC(C(=O)NCC(=O)NC(Cc1ccccc1)C(=O)O)C(C)CC,1,-0.99
283,CCC(C)C(N)C(=O)NC(C(=O)O)C(C)C,1,0.16
284,CCC(C)C(N)C(=O)NC(C(=O)O)C(C)CC,1,-1.82
285,CCC(C)C(N)C(=O)NC(C)C(=O)NC(C)C(=O)NC(C(=O)O)C(C)CC,1,-2.82
286,CCC(C)C(N)C(=O)NC(C)C(=O)NC(Cc1ccc(O)cc1)C(=O)NC(Cc1c[nH]c2ccccc12)C(=O)NCC(=O)O,1,-1.47
287,CCC(C)C(N)C(=O)NC(CC(C)C)C(=O)NC(CC(=O)O)C(=O)O,0,-0.04
288,CCC(C)C(N)C(=O)NC(CC(N)=O)C(=O)O,1,-1.41
289,CCC(C)C(N)C(=O)NC(CCSC)C(=O)NC(Cc1ccccc1)C(=O)O,1,1.28
290,CCC(C)C(N)C(=O)NC(Cc1c[nH]cn1)C(=O)NC(C(=O)O)C(C)C,2,-0.24
291,CCC(C)C(N)C(=O)NC(Cc1ccc(O)cc1)C(=O)NC(C(=O)NC(C(=O)O)C(C)C)C(C)CC,1,-1.09
292,CCC(C)C(N)C(=O)NC(Cc1ccccc1)C(=O)NC(CCCN=C(N)N)C(=O)O,2,-0.05
293,CCC(C)C(NC(=O)C(C)N)C(=O)O,1,-2.6
294,CCC(C)C(NC(=O)C(CC(C)C)NC(=O)C(NC(=O)C(N)CCSC)C(C)CC)C(=O)O,1,-0.49
295,CCC(C)C(NC(=O)C(CC(C)C)NC(=O)C([NH3+])C(C)=O)C([O-])O,1,-1.66
296,CCC(C)C(NC(=O)C(CC(C)C)NC(=O)C([NH3+])C=O)C([O-])O,1,-1.99
297,CCC(C)C(NC(=O)C(Cc1ccc(O)cc1)NC(=O)C(C)[NH3+])C(=O)[O-],1,-2.04
298,CCC(C)C(NC(=O)C(Cc1ccccc1)NC(=O)C(CCSC)NC(=O)C(N)C(C)C)C(=O)O,1,-0.63
299,CCC(C)C(NC(=O)C(N)C(C)O)C(=O)O,1,-0.86
300,CCC(C)C(NC(=O)C(N)CC(=O)O)C(=O)NC(Cc1ccccc1)C(=O)O,0,0.61
301,CCC(C)C(NC(=O)C(N)CC(C)C)C(=O)NC(CCC(=O)O)C(=O)O,0,0.07
302,CCC(C)C(NC(=O)C(N)CC(N)=O)C(=O)O,1,-1.43
303,CCC(C)C(NC(=O)C(N)CCC(=O)O)C(=O)NC(Cc1ccccc1)C(=O)O,0,0.43
304,CCC(C)C(NC(=O)C(N)CCCCN)C(=O)NC(Cc1ccccc1)C(=O)O,2,0.65
305,CCC(C)C(NC(=O)C(N)CCCN=C(N)N)C(=O)NC(Cc1ccccc1)C(=O)O,2,-0.04
306,CCC(C)C(NC(=O)C(N)Cc1c[nH]cn1)C(=O)NC(Cc1ccccc1)C(=O)O,2,0.44
307,CCC(C)C(NC(=O)C(N)Cc1ccc(O)cc1)C(=O)NC(CC(C)C)C(=O)NCC(=O)O,1,-1.49
308,CCC(C)C(NC(=O)C(NC(=O)C([NH3+])CC(C)C)C(C)=O)C([O-])O,1,-2.3
309,CCC(C)C(NC(=O)C(NC(=O)C([NH3+])CC(C)C)C(C)CC)C(=O)[O-],1,-1.11
310,CCC(C)C(NC(=O)C([NH3+])CC(C)C)C(=O)NC(C(=O)[O-])C(C)O,1,-2.14
311,CCC(C)C(NC(=O)C([NH3+])Cc1ccccc1)C(=O)NC(C(=O)[O-])C(C)O,1,-1.95
312,CCC(C)C(NC(=O)C1CCCN1)C(=O)O,1,-2.56
313,CCC(C)C(NC(=O)CNC(=O)C1CCCN1C(=O)C(N)Cc1ccc(O)cc1)C(=O)O,1,-1.65
314,CCC(C)C([NH3+])C(=O)NC(C=O)C(=O)NC(C([O-])O)C(C)CC,1,-2.64
315,CCC(C)C([NH3+])C(=O)NC(C=O)C(=O)NC(CC(C)C)C([O-])O,1,-2.28
316,CCC(C)C([NH3+])C(=O)NC(Cc1ccc(O)cc1)C(=O)NC(C(=O)[O-])C(C)C,1,-1.77
317,CCC(C)C1(CC)C(=O)NC(=O)NC1=O,0,1.65
318,CCC(C)C1(CC)C(=O)NC(=O)NC1=O,2,1.65
319,CCC(C)CC1(CC)C(=O)NC(=O)NC1=O,0,2.1
320,CCC(C)CC1(CC)C(=O)NC(=O)NC1=O,1,2.1
321,CCC(C)CC1(CC)C(=O)NC(=O)NC1=O,2,2.1
322,CCC(C)c1ccc(O)c([N+](=O)[O-])c1,0,3.84
323,CCC(CC)(C(=O)NC(N)=O)C(=O)OC,0,0.95
324,CCC(CC)(C(=O)NC(N)=O)C(=O)OC(C)C,0,1.99
325,CCC(CC)(C(=O)NC(N)=O)C(=O)OCC(=O)OC,0,0.99
326,CCC(CC)NC(=O)c1ccc(Cl)c(S(=O)(=O)N2CCCC2)c1,0,3.6
327,CCC(NS(=O)(=O)c1ccc(C)cc1)C(=O)Oc1ccc2c3c(c(=O)oc2c1)CCCC3,0,3.08
328,CCC(OC(=O)CNC(=O)c1ccc(N2C(=O)c3ccccc3C2=O)cc1)C(=O)c1ccccc1,0,4.15
329,CCC(Sc1nc2ccccc2c2nc(CC(C)C)c(O)n12)C(=O)Nc1ccc2c(c1)OCO2,1,4.85
330,CCC(Sc1nc2ccccc2c2nc(Cc3ccccc3)c(O)n12)C(=O)N1CCOCC1,2,3.95
331,CCC(c1ccc(O)cc1)C(CC)c1ccc(O)cc1,1,5.11
332,CCC1(C(C)C)C(=O)NC(=O)NC1=O,0,0.97
333,CCC1(C(C)C)C(=O)NC(=O)NC1=O,1,0.97
334,CCC1(C2=CCCCC2)C(=O)NC(=O)NC1=O,0,1.77
335,CCC1(CC)C(=O)NC(=O)N(C)C1=O,0,1.15
336,CCC1(CC)C(=O)NC(=O)N(C)C1=O,2,1.15
337,CCC1(CC)C(=O)NC(=O)NC1=O,0,0.65
338,CCC1(CC)C(=O)NC(=O)NC1=O,1,0.65
339,CCC1(CCC(C)C)C(=O)NC(=O)NC1=O,0,2.07
340,CCC1(CCC(C)C)C(=O)NC(=O)NC1=O,1,2.07
341,CCC1(c2ccccc2)C(=O)NC(=O)N(C)C1=O,0,1.84
342,CCC1(c2ccccc2)C(=O)NC(=O)N1S(=O)(=O)c1ccccc1,1,-2.44
343,CCC1(c2ccccc2)C(=O)NC(=O)NC1=O,0,1.47
344,CCC1(c2ccccc2)C(=O)NC(=O)NC1=O,1,1.47
345,CCC1(c2ccccc2)C(=O)NC(=O)NC1=O,2,1.47
346,CCC1(c2ccccc2)NC(=O)NC1=O,1,1.34
347,CCC1OC(=O)C(C)C(OC2CC(C)(OC)C(O)C(C)O2)C(C)C(OC2OC(C)CC(N(C)C)C2O)C(C)(O)CC(C)C(=O)C(C)C(O)C1(C)O,1,2.54
348,CCCC(=NOCC)C1C(=O)CC(C(C)CSCC)CC1=O,1,1.65
349,CCCC(=O)N1CC2(C)CN(C(=O)CCC)CC(C)(C1)C2,0,2.69
350,CCCC(=O)NC[C@@H](C)NC(=O)CCC,0,1.43
351,CCCC(=O)OC(C)OP(=O)(OCC)OCC,1,3.51
352,CCCC(=O)OCC(=O)Nc1ccc(F)cc1Cl,0,3.02
353,CCCC(=O)OC[C@@H](Cc1cncn1C)C(CC)C(=O)OCc1ccc(C)cc1,0,3.87
354,CCCC(=O)OC[C@@H](Cc1cncn1C)C(CC)C(=O)OCc1ccc(C)cc1,1,3.87
355,CCCC(=O)OC[C@@H](Cc1cncn1C)C(CC)C(=O)OCc1ccc(C)cc1,2,3.87
356,CCCC(C)C1(CC)C(=O)NC(=S)NC1=O,0,2.85
357,CCCC(C)C1(CC)C(=O)NC(=S)NC1=O,1,2.85
358,CCCC(Cn1cncn1)c1ccc(Cl)cc1Cl,0,3.72
359,CCCC(N)C(=O)O,0,-2.11
360,CCCC1(CC)C(=O)NC(=O)NC1=O,0,0.66
361,CCCC1=NC(=O)N[C@@H](c2ccc3c(c2)OCO3)C1C(=O)OCC,0,3.59
362,CCCC1C(=O)C[C@H](C(C)C)C(C#N)(C#N)C1(C#N)C#N,0,3.3
363,CCCCC(=O)NC1C2CC3CC(C2)CC1C3,0,3.8
364,CCCCC(=O)OC1(C(=O)CO)[C@@H](C)CC2C3CC=C4CC(=O)C=CC4(C)C3(F)C(O)CC21C,0,3.6
365,CCCCC1(CC)C(=O)NC(=O)NC1=O,0,1.73
366,CCCCC1(CC)C(=O)NC(=O)NC1=O,1,1.73
367,CCCCCC(=O)NC1(CCC)CCCC1,0,4.28
368,CCCCCC(O)/C=C/C1C(O)CC(O)C1C/C=C/CCCC(=O)O,0,2.72
369,CCCCCCCC1(CC)C(=O)NC(=O)NC1=O,0,2.91
370,CCCCCCCCCCCC(=O)O,0,4.4
371,CCCCCCCCCCCC(=O)O,1,4.2
372,CCCCCCCCCCCCCC(=O)O,0,6.11
373,CCCCCCCCCCNC(=O)NC12CC3CC(CC(C3)C1)C2,1,5.25
374,CCCCCCCCCCNC(=O)NC1CCCCC1,1,5.44
375,CCCCCCCCCNC(=O)n1cc(F)c(=O)[nH]c1=O,0,3.71
376,CCCCCCCCNC(=O)n1cc(F)c(=O)[nH]c1=O,0,3.9
377,CCCCCCOC(=O)c1ccc(N)cc1,1,3.95
378,CCCCCCOC(=O)n1cc(F)c(=O)[nH]c1=O,0,2.04
379,CCCCCCSC1=C(C#N)C(c2cccs2)C(C(=O)Nc2ccccc2OC)C(C)=N1,0,6.28
380,CCCCCOC(=O)CCCNC(=O)NC12CC3CC(CC(C3)C1)C2,1,0.44
381,CCCCCOC(=O)CCCNC(=O)NC1CCCCC1,1,0.82
382,CCCCCc1onc(C)c1N=C1CC(=O)C(=O)c2ccccc21,0,3.42
383,CCCCCc1onc(C)c1N=C1CC(=O)C(=O)c2ccccc21,1,3.42
384,CCCCCc1onc(C)c1N=C1CC(=O)C(=O)c2ccccc21,2,3.42
385,CCCCN(CCCC)Cc1cccc(C(=O)OCCOCn2cnc3c(=O)[nH]c(=N)[nH]c32)c1,0,1.5
386,CCCCN(CCCC)Cc1cccc(C(=O)OCCOCn2cnc3c(=O)[nH]c(=N)[nH]c32)c1,1,1.5
387,CCCCN(CCCC)Cc1cccc(C(=O)OCCOCn2cnc3c(=O)[nH]c(=N)[nH]c32)c1,2,1.5
388,CCCCN1C(=O)N(C)[C@@H]2[C@H]1N(C)C(=O)N2CCCC,0,2.69
389,CCCCN1C(=O)c2ccc(C(=O)OCC(=O)N[C@H](C)C(C)C)cc2C1=O,0,3.62
390,CCCCNC(=O)NS(=O)(=O)c1ccc(C)cc1,0,2.34
391,CCCCNC(=O)NS(=O)(=O)c1ccc(C)cc1,1,2.34
392,CCCCNC(=O)NS(=O)(=O)c1ccc(C)cc1,2,2.34
393,CCCCNC(=O)NS(=O)(=O)c1ccc(N)cc1,0,1.01
394,CCCCNC(=O)NS(=O)(=O)c1ccc(N)cc1,1,1.01
395,CCCCNC(=O)NS(=O)(=O)c1ccc(OC)cc1,0,2.09
396,CCCCNC(=O)NS(=O)(=O)c1ccc(OC)cc1,1,2.09
397,CCCCNC(=O)NS(=O)(=O)c1ccccc1,0,1.96
398,CCCCNC(=O)NS(=O)(=O)c1ccccc1,1,1.96
399,CCCCNC(=O)Oc1cc(C=C(C#N)C(=O)N(CC)CC)cc([N+](=O)[O-])c1O,0,1.98
400,CCCCNC(=O)Oc1cc(C=C(C#N)C(=O)N(CC)CC)cc([N+](=O)[O-])c1O,1,0.96
401,CCCCNC(=O)n1c(=NC(=O)OC)[nH]c2ccccc21,1,2.12
402,CCCCNC(=S)N(C)/N=C/c1ccc(OCc2ccc(Cl)cc2)c(OC)c1,1,6.8
403,CCCCNc1ccccc1C(=O)OCC(=O)N[C@@H]1CCS(=O)(=O)C1,2,4.09
404,CCCCOC(=O)C(C)Oc1ccc(Oc2ccc(C(F)(F)F)cn2)cc1,1,4.5
405,CCCCOC(=O)C(N)Cc1ccc(O)c(O)c1,1,0.86
406,CCCCOC(=O)C1=C(C)N=C2CCCC(=O)C2[C@H]1c1ccccc1OC,1,4.21
407,CCCCOC(=O)CC(CN)c1ccc(Cl)cc1,1,1.42
408,CCCCOC(=O)c1ccc(N)cc1,1,2.87
409,CCCCOC(=O)n1cc(F)c(=O)[nH]c1=O,0,0.89
410,CCCCOc1ccc(/C=C/C(=O)NC(C)C)cc1,0,4.45
411,CCCCOc1ccc(C(=O)N(CCN2C(=O)c3ccccc3C2=O)c2cccc(OC)c2)cc1,0,5.35
412,CCCCOc1ccc(C(=O)Oc2ccc3c(c2)OCO3)cc1OC,0,4.77
413,CCCC[C@@]1(c2ccccc2)NC(=S)N(c2ccc(C)cc2)N1,2,5.1
414,CCCC[C@H](CC)Cn1c(SCC(=O)Nc2ccc(OC)cc2)nc2c1c(=O)n(C)c(=O)n2C,0,5.51
415,CCCCc1c(C)[nH]c(=NCC)[nH]c1=O,1,2.3
416,CCCCc1c(C)[nH]c(N(C)C)nc1=O,1,1.9
417,CCCCc1c(O)n(-c2ccc(O)cc2)n(-c2ccccc2)c1=O,0,2.72
418,CCCCc1c(O)n(-c2ccc(O)cc2)n(-c2ccccc2)c1=O,1,2.72
419,CCCCc1c(O)n(-c2ccccc2)n(-c2ccccc2)c1=O,0,3.16
420,CCCCc1c(O)n(-c2ccccc2)n(-c2ccccc2)c1=O,1,3.16
421,CCCCc1ccc(C(=O)O)cc1,0,3.97
422,CCCCc1cccc(C2(C(Oc3nc(C)cc(C)n3)C(=O)O)NCC(=O)N(Cc3c(F)cc(F)cc3F)c3ccccc32)c1,1,2.3
423,CCCN(CCC)Cc1cccc(C(=O)OCCOCn2cnc3c(=O)[nH]c(=N)[nH]c32)c1,0,0.6
424,CCCN(CCC)Cc1cccc(C(=O)OCCOCn2cnc3c(=O)[nH]c(=N)[nH]c32)c1,1,0.6
425,CCCN(CCC)Cc1cccc(C(=O)OCCOCn2cnc3c(=O)[nH]c(=N)[nH]c32)c1,2,0.6
426,CCCN(CCC)S(=O)(=O)c1ccc(C(=O)N2CC[C@@H]3c4ccccc4C(=O)N3C2)cc1,0,4.55
427,CCCN(CCC)S(=O)(=O)c1ccc(C(=O)OCCn2c(O)c3c(c2O)C2c4ccccc4C3c3ccccc32)cc1,0,4.17
428,CCCN(CCCOCCOCCc1ccccc1)CCc1ccc(O)c2[nH]c(=O)sc12,1,2.74
429,CCCNC(=O)N1CCN(C(=O)NCCC)CC1,2,1.04
430,CCCNC(=O)NS(=O)(=O)c1ccc(Cl)cc1,0,2.27
431,CCCNC(=O)NS(=O)(=O)c1ccc(Cl)cc1,1,2.27
432,CCCOC(=O)CC(CN)c1ccc(Cl)cc1,1,1.31
433,CCCOC(=O)c1c(NC(=O)C2CCN(S(C)(=O)=O)CC2)sc(C(N)=O)c1C,1,3.9
434,CCCOC(=O)c1ccc(O)cc1,0,3.04
435,CCCOC(=O)n1c(-c2cscn2)nc2ccccc21,1,2.98
436,CCCOc1ccc(-n2c(O)cc(N3CCNC3=S)c2O)cc1,1,2.68
437,CCCOc1ccc(NC(=O)Cc2c(O)n(-c3ccc(Cl)cc3)c(=S)n2C2CC2)cc1,0,5.41
438,CCCS(=O)(=O)c1c(S(=O)(=O)CCC)c2c3ccccc3ccn2c1C(=O)c1ccccc1,0,4.48
439,CCCS(=O)(=O)c1c(S(=O)(=O)CCC)c2cnccn2c1C(=O)c1ccc(C)cc1,0,3.93
440,CCCSc1nc2c(c(=O)n1-c1ccc(Br)cc1)SCC2,2,4.61
441,CCC[C@@H](C)NC(=O)COc1ncnc2sc3c(c12)CC[C@@H](C)C3,2,4.55
442,CCCc1[nH]nc2c1[C@@]1(C(=O)N(CC(N)=O)c3ccccc31)C(C(=O)OC)C(=N)O2,2,4.48
443,CCCc1[nH]nc2c1[C@H](c1ccsc1C)C(C#N)C(=N)O2,2,3.83
444,CCCc1c2c(c(O)c3c(=O)cc(C(=O)O)oc13)CCCC2,0,4.4
445,CCCc1ccc(OCc2ccc(C(=O)Nc3ccccc3C(=O)OC)o2)c(OC)c1,0,5.89
446,CCCc1n[nH]c(=NS(=O)(=O)c2ccc(N)cc2)s1,0,0.54
447,CCCc1n[nH]c(=NS(=O)(=O)c2ccc(N)cc2)s1,1,0.54
448,CCCc1onc(C)c1N=C1CC(=O)C(=O)c2ccccc21,0,1.8
449,CCCc1onc(C)c1N=C1CC(=O)C(=O)c2ccccc21,1,1.8
450,CCCc1onc(C)c1N=C1CC(=O)C(=O)c2ccccc21,2,1.8
451,CCCn1c(=O)c(Br)cn(-c2ccccc2C)c1=O,0,2.82
452,CCCn1c(SCc2cc(=O)n3cc(Br)ccc3n2)nnc1-c1cccc(C)c1,1,4.43
453,CCCn1c2ccccc2c2nnc(SCC(=O)N[C@H](C)c3ccccc3)nc21,1,4.36
454,CCN(C(=O)C(=O)c1cn(CC(=O)N2CCOCC2)c2ccccc12)c1ccccc1,0,2.05
455,CCN(C(=O)C(C)OC(=O)c1cc(OC)c(OC)c(OC)c1)c1ccccc1,2,3.4
456,CCN(C(=O)COC(=O)/C(=C/c1ccc(Cl)cc1)c1ccc(F)cc1)[C@@H]1CCS(=O)(=O)C1,0,4.95
457,CCN(C(=O)Cn1c(O)c2c(c1O)CCCC2)c1nnc(-c2ccc(Cl)cc2)s1,1,4.91
458,CCN(CC)C(=O)C(C#N)=Cc1cc(O)c(O)c([N+](=O)[O-])c1,0,2.25
459,CCN(CC)C(=O)C(C#N)=Cc1cc(O)c(O)c([N+](=O)[O-])c1,1,2.25
460,CCN(CC)C(=O)C(C#N)=Cc1cc(OC(=O)NC(C)(C)C)c(O)c([N+](=O)[O-])c1,0,1.8
461,CCN(CC)C(=O)C(C#N)=Cc1cc(OC(=O)NC(C)(C)C)c(O)c([N+](=O)[O-])c1,1,0.74
462,CCN(CC)C(=O)COC(=O)C(C)c1ccc2cc(OC)ccc2c1,1,3.32
463,CCN(CC)C(=O)COC(=O)c1ccccc1O,1,1.99
464,CCN(CC)C(=O)[C@@]12CC[C@@](C)(C(=O)O1)C2(C)C,0,2.66
465,CCN(CC)C(=O)c1sc(NC(=O)c2cc(OC)cc(OC)c2)c(C(=O)OC)c1C,1,5.47
466,CCN(CC)CC(=O)OCn1ncc2c(=O)[nH]cnc21,2,0.2
467,CCN(CC)CCCC(C)N=c1cc[nH]c2cc(Cl)ccc12,2,4.63
468,CCN(CC)CCNC(=O)c1ccc(N)cc1,1,0.88
469,CCN(CC)CCNC(=O)c1ccc(N)cc1,2,0.88
470,CCN(CC)CCOC(=O)c1ccc(N)cc1,1,1.92
471,CCN(CC)CCOC(=O)c1ccc(N)cc1,2,1.92
472,CCN(CC)Cc1cc(N=c2cc[nH]c3cc(Cl)ccc23)ccc1O,1,3.01
473,CCN(CC)S(=O)(=O)N1CCCC(C(=O)NC2CCCCC2)C1,0,3.58
474,CCN(CC)S(=O)(=O)c1ccc(/C=C/C(=O)NC2CCCCC2)cc1,0,4.34
475,CCN(CC)S(=O)(=O)c1ccc(C(=O)N2CCNC(=O)C2CC(=O)OC)cc1,0,1.14
476,CCN(CC)S(=O)(=O)c1ccc2nnn(OCC(=O)NC(c3ccccc3)c3ccccc3)c2c1,0,4.49
477,CCN(CC)c1ccc(C=C2C(=O)c3ccccc3C2=O)c(OC)c1,2,5.05
478,CCN(CC)c1nc(C)cc(OP(=S)(OC)OC)n1,0,4.2
479,CCN(CC)c1nc(C)cc(OP(=S)(OC)OC)n1,1,4.2
480,CCN(CC)c1nc(C)cc(OP(=S)(OC)OC)n1,2,4.2
481,CCN1C(=O)/C(=C2\SC(=S)N(Cc3ccc(OC)cc3)C2=O)c2cc(Br)ccc21,0,6.96
482,CCN1C(=O)c2cccc3c(S(=O)(=O)N(C(=O)c4cccnc4)c4ccc(OC)cc4)ccc1c23,1,4.74
483,CCN1CC(C(=O)C(CC2CCCCC2)NC(=O)C(Cc2c[nH]cn2)NC(=O)C(Cc2ccccc2)CC(O)N(C)CCO)OC1=O,1,1.94
484,CCN1CC(C(=O)C(CC2CCCCC2)NC(=O)C(Cc2c[nH]cn2)NC(=O)C(Cc2ccccc2)CC(O)N(C)CCOC)OC1=O,1,2.45
485,CCN1CC(C(=O)C(CC2CCCCC2)NC(=O)C(Cc2c[nH]cn2)NC(=O)C(Cc2ccccc2)CC(O)N(C)CCOCOCCOC)OC1=O,1,2.21
486,CCN1CC(C(=O)C(CC2CCCCC2)NC(=O)C(Cc2c[nH]cn2)NC(=O)C(Cc2ccccc2)CC(O)N2CC(OCOC)C(OCOC)C2)OC1=O,1,2.31
487,CCN1CC(C(=O)C(CC2CCCCC2)NC(=O)C(Cc2c[nH]cn2)NC(=O)C(Cc2ccccc2)CC(O)N2CC(OCOCCOC)C(OCOCCOC)C2)OC1=O,1,1.87
488,CCN1CC(C(=O)C(CC2CCCCC2)NC(=O)C(Cc2c[nH]cn2)NC(=O)C(Cc2ccccc2)CC(O)N2CCOCC2)OC1=O,1,2.2
489,CCN1CC(C(O)C(CC2CCCCC2)NC(=O)C(Cc2c[nH]cn2)NC(=O)C(Cc2ccc(OC)cc2)NC(=O)C(C)C)OC1=O,1,2.76
490,CCN1CC(C(O)C(CC2CCCCC2)NC(=O)C(Cc2c[nH]cn2)NC(=O)C(Cc2ccc(OC)cc2)NC(=O)N2CCOCC2)OC1=O,1,2.01
491,CCN=c1[nH]c(OC)nc(=NC(C)C)[nH]1,0,2.69
492,CCN=c1[nH]c(OC)nc(=NC(C)C)[nH]1,1,2.69
493,CCN=c1[nH]c(Oc2ccc(OCC)nn2)nc(=NC(C)C)[nH]1,2,3.14
494,CCN=c1[nH]c(SC)nc(=NC(C)C)[nH]1,0,2.98
495,CCN=c1nc(C)[nH]c(=NCC)[nH]1,0,1.82
496,CCN=c1nc(Cl)[nH]c(=NCC)[nH]1,0,2.18
497,CCN=c1nc(Cl)[nH]c(=NCC)[nH]1,1,2.18
498,CCN=c1nc(OC)[nH]c(=NCC)[nH]1,0,1.82
499,CCN=c1nc(OC)[nH]c(=NCC)[nH]1,1,1.82
500,CCN=c1nc(SC)[nH]c(=NCC)[nH]1,0,2.54
501,CCNC(=O)n1cc(F)c(=O)[nH]c1=O,0,0.35
502,CCOC(=O)/C=c1/s/c(=C/c2c(F)cccc2F)c(=O)n1CC(=O)N(C)C,0,3.17
503,CCOC(=O)C(C)(C(=O)NC(=O)NC)C1=CCCCC1,0,2.25
504,CCOC(=O)C(C)c1ccc2cc(OC)ccc2c1,1,4.51
505,CCOC(=O)C(CC)(CC)C(=O)NC(N)=O,0,1.45
506,CCOC(=O)C(CCc1ccccc1)NC(C)C(=O)N1CCCC1C(=O)O,0,0.16
507,CCOC(=O)C(CCc1ccccc1)NC(C)C(=O)N1CCCC1C(=O)O,1,0.16
508,CCOC(=O)C(Cc1ccc(OC(=O)N(C)C)cc1)NC(=O)C1N(S(=O)(=O)c2cnn(C)c2)CSC1(C)C,0,2.14
509,CCOC(=O)C1(c2ccccc2)CCN(C)CC1,1,2.72
510,CCOC(=O)C1=C(C)N=C(C)C(C(=O)OC)C1c1ccco1,2,3.67
511,CCOC(=O)C1=C(C)N=C2C[C@@H](c3ccc(OC)c(OC)c3)CC(=O)C2[C@H]1c1ccccc1OC,2,3.79
512,CCOC(=O)C1=C(C)N=c2s/c(=C\c3ccc(OC(C)=O)cc3)c(=O)n2C1c1cccs1,2,4.77
513,CCOC(=O)C1=C(C)OC(=N)C(C#N)[C@H]1c1cccc(I)c1,0,4.48
514,CCOC(=O)C1=C2SC(C)C(=O)N2C(=N)C(C(=O)OCC)[C@@H]1c1ccc(Cl)cc1Cl,2,5.49
515,CCOC(=O)C1C(C)=NC(=O)C[C@@H]1c1cc(OC)c(OC)cc1Br,0,3.93
516,CCOC(=O)C1C(C)=NC(=O)N[C@H]1c1ccc(-c2cc(C(F)(F)F)cc(C(F)(F)F)c2)o1,0,6.04
517,CCOC(=O)C1C(C)=NC(=S)N[C@@H]1c1ccc(OCc2ccc(Cl)cc2)c(OCC)c1,0,5.31
518,CCOC(=O)C1CCN(C(=O)c2ccc(Cl)c(N=C3N[C@@H]4CS(=O)(=O)C[C@@H]4S3)c2)CC1,2,2.96
519,CCOC(=O)C1CCN(S(=O)(=O)c2nc3nc(C)cc(C)n3n2)CC1,1,2.71
520,CCOC(=O)CC(CN)c1ccc(Cl)cc1,1,0.77
521,CCOC(=O)CC1=Nn2c(nnc2-c2cccs2)SC1,2,2.98
522,CCOC(=O)CSc1nnnn1-c1cccc2ccccc12,0,3.8
523,CCOC(=O)Cc1nc2nonc2[nH]c1=O,2,1.61
524,CCOC(=O)Cn1c(O)c(OC(=O)c2ccccc2)c(OC(=O)c2ccccc2)c1O,0,5.0
525,CCOC(=O)N1CCN(C(=O)/C=C/c2ccc(Cl)c(Cl)c2)CC1,0,4.34
526,CCOC(=O)N1CCN(C(=O)c2ccc(-n3c(O)c4c(c3O)CCCC4)cc2)CC1,0,3.74
527,CCOC(=O)N1CCN(C(=O)c2noc3c2C[C@@H](C(C)(C)C)CC3)CC1,0,4.52
528,CCOC(=O)N1CCN(c2nc(C(F)(F)F)nc3c(C)cc(C)cc23)CC1,2,5.92
529,CCOC(=O)Nc1ccc2c(c1)N(C(=O)CCN1CCOCC1)c1ccccc1S2,1,2.98
530,CCOC(=O)c1[nH]c(=N)sc1C,2,1.74
531,CCOC(=O)c1[nH]c(C)c(C(=O)OCC(=O)N(C)[C@@H]2CCS(=O)(=O)C2)c1C,0,3.35
532,CCOC(=O)c1[nH]c(C)c(C(=O)OCC(=O)N2CCc3ccccc32)c1C,1,4.47
533,CCOC(=O)c1[nH]c2ccc(CO)c(Cl)c2c1C,0,3.92
534,CCOC(=O)c1c(-n2c(O)c3c(c2O)CC(C)=C(C)C3)sc(C)c1C,0,4.56
535,CCOC(=O)c1c(C)[nH]c(C)c1C(=O)COC(=O)c1ccc(F)c(S(=O)(=O)N2CCOCC2)c1,0,3.63
536,CCOC(=O)c1c(C)nc(SC[C@@]2(O)CCCC[C@@H]2SC)c(C#N)c1-c1ccccc1,0,6.01
537,CCOC(=O)c1c(CC(C)C)csc1N=Cc1c(C)[nH]n(-c2ccccc2)c1=O,2,5.16
538,CCOC(=O)c1c(N)n2c(=O)/c(=C/c3ccc(C(=O)OC)cc3)sc2c(C(=O)OC)c1=c1ccc(=C(O)OC)cc1,1,6.95
539,CCOC(=O)c1c(N=Cc2c(O)n(C)c(=O)n(C)c2=O)sc2c1CC[C@@H](CC)C2,0,5.76
540,CCOC(=O)c1c(NC(=O)C2C[C@H]3CC[C@@H]2C3)sc(C(=O)N(CC)CC)c1C,0,5.05
541,CCOC(=O)c1c(NC(=O)CSc2nnc(C)s2)sc2c1CCCCC2,1,5.03
542,CCOC(=O)c1c[nH]c2c(c(-c3ccccc3)nn2-c2ccccc2)c1=Nc1ccc(O)c(CN(CC)CC)c1,1,3.45
543,CCOC(=O)c1c[nH]c2c(c(-c3ccccc3)nn2-c2ccccc2)c1=Nc1ccc(O)cc1,1,3.09
544,CCOC(=O)c1c[nH]c2c(c(C)nn2-c2ccccc2)c1=Nc1ccc(O)c(CN(CC)CC)c1,1,2.05
545,CCOC(=O)c1c[nH]c2c(c(C)nn2-c2ccccc2)c1=Nc1ccc(O)cc1,1,1.69
546,CCOC(=O)c1c[nH]c2c(c(C)nn2C)c1=Nc1ccc(F)cc1,1,0.7
547,CCOC(=O)c1c[nH]c2c(c(C)nn2C)c1=Nc1ccc(O)cc1,1,1.14
548,CCOC(=O)c1c[nH]c2c(c(C)nn2C)c1=Nc1ccc(OC(C)=O)cc1,1,1.67
549,CCOC(=O)c1c[nH]c2c(c(C)nn2C)c1=Nc1cccc(Cl)c1,1,2.27
550,CCOC(=O)c1c[nH]c2c(c(C)nn2C)c1=Nc1cccc([N+](=O)[O-])c1,1,1.32
551,CCOC(=O)c1c[nH]c2c(c(C)nn2C)c1=Nc1ccccc1,1,0.96
552,CCOC(=O)c1ccc(C#N)cc1,0,1.87
553,CCOC(=O)c1ccc(NCc2c(C)[nH]c(C(=O)OCC)c2C)cc1,0,5.09
554,CCOC(=O)c1ccccc1S(=O)(=O)NC(=O)N=c1nc(Cl)cc(OC)[nH]1,0,0.36
555,CCOC(=O)c1ccccc1S(=O)(=O)NC(=O)N=c1nc(Cl)cc(OC)[nH]1,1,0.36
556,CCOC(=O)c1cn(C(C)(C)C)c(O)c1Nc1ccc(OC(=O)Nc2ccc(OC(F)(F)F)cc2)cc1,0,6.72
557,CCOC(=O)c1sc(=NCCN=c2[nH]c(C)c(C(=O)OCC)s2)[nH]c1C,2,4.66
558,CCOC(=O)n1c(-c2cscn2)nc2ccccc21,1,2.51
559,CCOC(=O)n1c(=O)[nH]cc(F)c1=O,0,0.11
560,CCOC(=O)n1cc(F)c(=O)[nH]c1=O,0,-0.17
561,CCOC(O)=c1[nH]c(=C2C(=O)c3ccccc3C2=O)c2c(O)n(N(C)c3ncc(C(F)(F)F)cc3Cl)c(O)c12,2,4.38
562,CCOCCOC(=O)C(C)Oc1ccc(Oc2ncc(C(F)(F)F)cc2Cl)cc1,2,4.33
563,CCOCCOC(=O)C(C)n1cnc2sc3c(c2c1=O)CC[C@H](C)C3,2,4.25
564,CCOCCOC(=O)C1=C(C)N=C2CCCC(=O)C2[C@@H]1c1ccc(C)cc1,2,3.89
565,CCOCc1c(C)cc(C)c([C@H]2c3c(C)n[nH]c3OC(=N)C2C#N)c1C,2,4.09
566,CCOP(=O)(Cc1ccc(CP(=O)(OCC)OCC)o1)OCC,1,3.25
567,CCOc1cc(-c2nnc(-c3ccco3)o2)cc(OCC)c1OCC,2,3.96
568,CCOc1cc(/C=N/n2cnc3sc(C)c(C)c3c2=O)cc(Br)c1OCC(N)=O,2,4.98
569,CCOc1cc(C#N)c(NC(=O)c2cc(S(=O)(=O)N3CCOCC3)c(Cl)cc2Cl)cc1OCC,0,4.31
570,CCOc1cc(C(=O)Nc2ccc(OC)c(OC)c2)cc(OCC)c1OCC,0,4.11
571,CCOc1cc(C(=O)Oc2ccc3c(C)cc(=O)oc3c2)cc(OCC)c1OCC,0,6.15
572,CCOc1cc([C@H]2[C@@H]3CN(C(=O)OC(C)(C)C)CC=C3C(C#N)C(=N)C2(C#N)C#N)ccc1OC(C)C,0,5.83
573,CCOc1ccc(-c2[nH]nc3c2[C@H](c2ccco2)C(C#N)C(=N)O3)c(OCC)c1,2,4.48
574,CCOc1ccc(-n2c(SCC(=O)NC3CC3)nc3sc4c(c3c2=O)CCC4)cc1,0,4.64
575,CCOc1ccc(Br)cc1[C@H]1C2C(=O)CC(C)(C)CC2=Nc2ncnn21,1,3.85
576,CCOc1ccc(CC(=O)C2=C(N3CCCC3)CCCC2=O)cc1OCC,1,3.3
577,CCOc1ccc(C[C@H]2c3cc(OCC)c(OCC)cc3CCN2C(=O)c2scnc2C)cc1OCC,0,4.98
578,CCOc1ccc(N=CC(S(=O)(=O)c2ccc(C)cc2)S(=O)(=O)c2ccc(C)cc2)cc1,0,5.64
579,CCOc1ccc(NC(=O)CN(C)C(=O)c2ccc(C)o2)cc1OCC,2,2.09
580,CCOc1ccc(NC(=O)CSc2nc3ccsc3c(=O)n2-c2ccccc2)cc1,0,4.33
581,CCOc1ccc2nc(S(=O)(=O)NC)sc2c1,1,2.59
582,CCOc1ccccc1OCC(=O)Nc1ccc2ccccc2c1,0,4.73
583,CCOc1nc(C#N)nc(N2CCOCC2)n1,0,2.46
584,CCSCCOC(=O)C1=C(C)N=C2C[C@H](c3cccs3)CC(=O)C2[C@H]1c1ccc2c(c1)OCO2,2,5.0
585,CCSCCOC(=O)c1c(C)nc2c(c1=c1ccc(=C(O)OC)cc1)=C(O)C[C@@H](c1cccs1)C2,2,5.24
586,CC[C@@H]1CCCCN1C(=O)C1CC(c2cc(Cl)c(OC)cc2OC)=NO1,2,4.55
587,CC[C@@H]1CCCCN1C(=O)COc1cccc2c1CCN(Cc1ccc(Cl)cc1)C2=O,1,5.23
588,CC[C@@H]1CCCCN1C(=O)CSc1nc(C)cc(C)n1,2,3.61
589,CC[C@H](C)NC(=O)NC(C(F)(F)F)C(F)(F)F,0,2.84
590,CC[C@H]1CS/C(=N\c2cccc(C)c2)N1C(=O)CCN1C(=O)c2ccccc2C1=O,2,4.96
591,CC[C@H]1OC(=O)C(C)[C@@H](O[C@H]2C[C@@](C)(OC)[C@@H](O)[C@H](C)O2)[C@H](C)[C@@H](O[C@@H]2O[C@H](C)C[C@H](N(C)C)[C@H]2O)[C@](C)(OC)CC(C)C(=O)C(C)[C@@H](O)[C@]1(C)O,2,1.68
592,CC[C@]1(C)NC(=S)N2N1C(=S)N[C@@]2(C)CC,0,2.44
593,CCc1c(C#N)c(SCC(=O)N2CCc3cc(OC)c(OC)cc3C2)nc2c1C(=O)CC(C)(C)C2,0,4.89
594,CCc1c(O)[nH]c(=O)[nH]c1=O,0,-0.35
595,CCc1cc(=O)oc2c(C)c(OCC(=O)OC(C)(C)C)ccc12,0,4.52
596,CCc1cc2c3c(c1)[C@@]1(C(=O)N3C(C)(C)C=C2C)C2=C(CC(C)(C)CC2=O)OC(=N)C1C#N,2,5.39
597,CCc1ccc(-c2csc(C(C#N)C=Nc3ccc4c(c3)OCO4)n2)cc1,0,6.59
598,CCc1ccc(-n2nnnc2SCC(=O)Nc2ccc(C(C)=O)cc2)cc1,0,4.69
599,CCc1ccc(C(=O)O)cc1,0,2.89
600,CCc1ccc(OCC(=O)NCCc2ccc(OC)c(OC)c2)cc1,0,4.22
601,CCc1ccc([C@@H]2C(C(=O)OC(C)C)=C(C)N=C3SCCC(=O)N32)cc1,2,4.75
602,CCc1ccc2nc3c(cc2c1)c(=O)n(-c1ccccc1)c1c3c(=O)n(C)c(=O)n1C,2,4.31
603,CCc1cccc(C)c1N(C(=O)Cn1c(C(C)O)nc2ccccc21)[C@@H](C)COC,2,4.48
604,CCc1ccccc1N=c1[nH]c(CSc2nnc(-c3ccc(OC(F)F)cc3)n2N)nc(=N)[nH]1,1,4.35
605,CCc1ccccc1NC(=O)[C@]12CC[C@](C)(C(=O)O1)C2(C)C,0,3.31
606,CCc1n[nH]c(=NS(=O)(=O)c2ccc(N)cc2)s1,0,1.01
607,CCc1n[nH]c(=NS(=O)(=O)c2ccc(N)cc2)s1,1,1.01
608,CCc1nc2sc(C#N)c(N)n2c(=O)c1C#N,0,2.09
609,CCc1noc(-c2[nH]c3ccccc3c2C(=O)C(=O)N(C)C)c1C,2,2.68
610,CCc1onc(C)c1N=C1CC(=O)C(=O)c2ccccc21,0,1.57
611,CCc1onc(C)c1N=C1CC(=O)C(=O)c2ccccc21,1,1.57
612,CCc1onc(C)c1N=C1CC(=O)C(=O)c2ccccc21,2,1.57
613,CCn1c(=NC[C@@H](O)c2ccccc2)[nH]c2c1c(=O)n(C)c(=O)n2C,1,3.24
614,CCn1c(SCC(=O)NC(C)(C)C)nnc1C1CCCCC1,2,3.2
615,CCn1c(SCC(=O)Nc2ccc(C(=O)OC)cc2)nnc1-c1ccccc1,1,4.24
616,CCn1c(SCc2ccccc2F)nc2sc(C)c(C)c2c1=O,2,5.86
617,CCn1c(SCc2nc3c4cnn(C)c4ncn3n2)nnc1-c1cc(C(F)(F)F)n(C)n1,1,3.85
618,CCn1cc(-c2nc3c4c(C)c(C)sc4ncn3n2)cn1,0,3.77
619,CCn1cc(C(=O)O)c(=O)c2cc3c(cc21)OCO3,0,0.94
620,CCn1cc(C(=O)O)c(=O)c2ccc(C)nc21,0,1.41
621,CCn1cc(C2C3=C(CC(C)(C)CC3=O)N(c3ccc(C)cc3)C3=C2C(=O)CC(C)(C)C3)c(C)n1,2,5.35
622,CCn1cc(CN(C)C(=O)c2cc3cc(Br)ccc3oc2=O)c(C)n1,0,3.27
623,CCn1ccc(=NS(=O)(=O)c2ccc(N)cc2)[nH]c1=O,0,1.12
624,CCn1ccc(CN(C)C(=O)c2ccccc2COc2ccc(F)cc2F)n1,0,4.43
625,CN(C(=O)c1c(F)c(F)c(F)c(F)c1F)C(C)(C)C,0,3.45
626,CN(C)/C=C/C(=O)c1ccc(C#Cc2ccccc2)cc1,2,4.69
627,CN(C)C(=O)C1OC(C)(C)OC1C(=O)N(C)C,0,1.49
628,CN(C)C(=O)COC(=O)c1ccccc1O,1,1.21
629,CN(C)C(=O)Oc1ccc(CC(NC(=O)C2N(S(=O)(=O)c3cnn(C)c3)CSC2(C)C)C(=O)OCC(C)(C)C)cc1,0,3.42
630,CN(C)C(=O)Oc1ccc(CC(NC(=O)C2N(S(=O)(=O)c3cnn(C)c3)CSC2(C)C)C(=O)OCCOc2ccccc2)cc1,0,3.27
631,CN(C)C(=O)Oc1ccc(CC(NC(=O)C2N(S(=O)(=O)c3cnn(C)c3)CSC2(C)C)C(=O)OCOC(=O)C(C)(C)C)cc1,0,3.14
632,CN(C)C(=O)n1cc(F)c(=O)[nH]c1=O,0,-0.37
633,CN(C)C(CC=Nc1cc(Cl)cc(Cl)c1)=C(C#N)C#N,1,1.59
634,CN(C)C1C(=O)C(C(N)=O)C(=O)C2(O)C(=O)C3C(=O)c4c(O)cccc4[C@@](C)(O)C3C(O)C12,0,-0.9
635,CN(C)CCC=C1c2ccccc2CCc2ccccc21,2,5.04
636,CN(C)CCCN1c2ccccc2Sc2ccc(Cl)cc21,1,5.35
637,CN(C)CCCN1c2ccccc2Sc2ccc(Cl)cc21,2,5.35
638,CN(C)CCCN1c2ccccc2Sc2ccccc21,1,4.55
639,CN(C)CCCN1c2ccccc2Sc2ccccc21,2,4.55
640,CN(C)CCOC(c1ccccc1)c1ccccc1,1,3.3
641,CN(C)CNC(=O)c1ccccc1,2,0.85
642,CN(C)S(=O)(=O)c1ccc(C(=O)OC2CCCCC2)cc1,0,4.27
643,CN(C)S(=O)(=O)c1cccc(C(=O)NCCc2ccc(Cl)cc2Cl)c1,2,4.48
644,CN(C)c1ccc(-c2nc3ccc(Br)cc3s2)cc1,1,4.4
645,CN(C)c1ccc(-c2nc3ccc(C#N)cc3s2)cc1,1,3.2
646,CN(C)c1ccc(-c2nc3ccc(O)cc3s2)cc1,1,2.0
647,CN(C)c1ccc(-c2nc3ccccc3s2)cc1,1,3.4
648,CN(C)c1nc(=N)nc(COC(=O)c2ccc(-n3cnnc3)cc2)[nH]1,2,2.74
649,CN(C1=NS(=O)(=O)c2ccccc21)c1ccc(OC(=O)c2ccccc2)cc1,0,4.26
650,CN(CCCN=c1[nH][n+]([O-])c2ccccc2[n+]1[O-])CCCNC(=O)c1cccc2cc3ccccc3nc12,1,1.53
651,CN(CCCN=c1[nH][n+]([O-])c2ccccc2[n+]1[O-])CCCNC(=O)c1cccc2cccnc12,1,0.15
652,CN(CCCN=c1[nH][n+]([O-])c2ccccc2[n+]1[O-])CCCNC(=O)c1cccc2nc3ccccc3nc12,1,0.59
653,CN(CCCN=c1[nH]c2ccc(Cl)cc2n2cccc12)CCCN=c1[nH]c2ccc(Cl)cc2n2cccc12,1,4.44
654,CN(CCCN=c1[nH]c2ccccc2n2cccc12)CCCN=c1[nH]c2ccccc2n2cccc12,1,4.12
655,CN(CCCNC(=O)c1cccc2ccc(-c3ccncc3)nc12)CCCNc1n[n+]([O-])c2ccccc2[n+]1[O-],1,0.66
656,CN(CCCNCCc1ccc(O)c2[nH]c(=O)sc12)S(=O)(=O)CCOCCc1ccccc1,1,1.24
657,CN(CCCOCCOCCc1ccccc1)CCc1ccc(O)c2[nH]c(=O)sc12,1,2.44
658,CN(CCN=c1[nH][n+]([O-])c2ccccc2[n+]1[O-])CCNC(=O)c1cccc2cc3ccccc3nc12,1,2.15
659,CN(CCNCCc1ccc(O)c2[nH]c(=O)sc12)C(=O)CCOCCc1ccccc1,1,1.52
660,CN(CCO)C(=O)COC(=O)c1ccccc1O,1,0.86
661,CN(CCO)S(=O)(=O)c1ccc2c(c1)oc(=O)c1cc(S(=O)(=O)N(C)CCO)ccc12,0,3.2
662,CN(CCc1ccc(O)c2[nH]c(=O)sc12)CCN(C)C(=O)CCOCCc1ccccc1,1,2.59
663,CN(Cc1ccccc1)S(=O)(=O)c1ccc(NC(=O)Cc2ccc(F)cc2)cc1,0,5.14
664,CN(c1ccccn1)S(=O)(=O)c1ccc(N)cc1,1,1.3
665,CN1C(=CC(=O)COC(=O)C(c2ccccc2)c2ccccc2)C(C)(C)c2ccccc21,0,6.27
666,CN1C(=CC=CC(=O)C(F)(F)F)C(C)(C)c2ccccc21,1,4.41
667,CN1C(=O)C(O)N=C(c2ccccc2)c2cc(Cl)ccc21,0,2.19
668,CN1C(=O)CCC(N2C(=O)c3ccccc3C2=O)C1=O,1,1.15
669,CN1C(=O)CN=C(c2ccccc2)c2cc(Cl)ccc21,0,2.92
670,CN1C(=O)CN=C(c2ccccc2)c2cc(Cl)ccc21,1,2.8899999999999997
671,CN1C(=O)N(C)C2(c3ccccc3)Nn3c(s/c(=C\c4ccc(Br)cc4)c3=O)=NC12c1ccccc1,2,5.72
672,CN1C(=O)NC(=O)C(C)(C2=CCCCC2)C1=O,0,1.98
673,CN1C(C(=O)N=c2cccc[nH]2)C(=O)c2ccccc2S1(=O)=O,0,3.06
674,CN1C(C(=O)N=c2cccc[nH]2)C(=O)c2ccccc2S1(=O)=O,1,0.255
675,CN1CCC23c4c5ccc(O)c4OC2C(O)C=CC3C1C5,1,0.76
676,CN1CCC23c4c5ccc(O)c4OC2C(O)C=CC3C1C5,2,0.76
677,CN1CCN(CCCN2c3ccccc3Sc3ccc(C(F)(F)F)cc32)CC1,1,5.03
678,CN=C(NCCSCc1[nH]cnc1C)NC#N,0,0.4
679,CN=C(NCCSCc1[nH]cnc1C)NC#N,1,0.4
680,CNC(=O)Oc1ccc(N(C)C)c(C)c1,2,1.9
681,CNC(=O)n1cc(F)c(=O)[nH]c1=O,0,-0.2
682,CNS(=O)(=O)c1ccc(C)cc1,1,1.28
683,CNS(=O)(=O)c1ccc(Cl)cc1,1,1.92
684,CNS(=O)(=O)c1n[nH]c(=NC(C)=O)s1,1,0.49
685,CNc1ccc(-c2nc3ccc(Br)cc3s2)cc1,1,3.6
686,CNc1ccc(-c2nc3ccc(C#N)cc3s2)cc1,1,2.5
687,CNc1ccc(-c2nc3ccc(C)cc3s2)cc1,1,3.1
688,CNc1ccc(-c2nc3ccc(O)cc3s2)cc1,1,1.2
689,CNc1ccc(-c2nc3ccc(OC)cc3s2)cc1,1,2.6
690,CNc1nc2c(C)cccn2c(=O)c1C=O,1,2.68
691,COC(=O)C(CCSC)NC(=O)c1cc2c(n(-c3ccccc3)c1=O)CC(C)(C)CC2=O,0,3.97
692,COC(=O)C(NC(=O)CON=C1C=C2CC[C@H]3[C@H](CC[C@]4(C)[C@H]3CC[C@@]4(O)C(C)=O)[C@]2(C)CC1)c1ccccc1,1,6.27
693,COC(=O)C(O)c1c(-c2ccc(Cl)cc2)nc(=O)[nH]c1-c1ccc(Cl)cc1,0,3.56
694,COC(=O)C1=C(C)N=C(C)C(C(=O)OC)[C@@H]1c1cccc(Cl)c1,2,4.22
695,COC(=O)C1OC(c2ccccc2)OC1C(=O)OC,0,2.49
696,COC(=O)C=C1OC(=N)C(C(=O)OCc2ccccc2)[C@@]2(C(=O)Nc3ccccc32)C1C(=O)OC,2,4.25
697,COC(=O)C=CCN1C(=O)c2ccccc2C1=O,0,2.46
698,COC(=O)CC(CN)c1ccc(Cl)cc1,1,0.48
699,COC(=O)CCCNC(=O)NC12CC3CC(CC(C3)C1)C2,1,0.18
700,COC(=O)CCN=c1[nH]c(-c2cccnc2)nc2sc3c(c12)CCCC3,2,4.69
701,COC(=O)CN(c1ccccc1)S(=O)(=O)c1ccc(OC)cc1,0,3.43
702,COC(=O)COc1cc2occ(-c3csc(C)n3)c(=O)c2cc1C,2,3.9
703,COC(=O)CSc1nc(=NCC(C)C)nc(N2CCOCC2)[nH]1,2,3.75
704,COC(=O)N=c1[nH]c2ccc(C(=O)c3ccccc3)cc2[nH]1,0,3.14
705,COC(=O)N=c1[nH]c2ccc(C(=O)c3ccccc3)cc2[nH]1,1,3.14
706,COC(=O)N=c1[nH]c2ccccc2[nH]1,1,1.52
707,COC(=O)N=c1[nH]c2ccccc2[nH]1,2,1.52
708,COC(=O)NC(=O)C(O)c1ccccc1,0,1.41
709,COC(=O)c1c(C)sc2c1OC(=N)C(C#N)[C@@H]2c1cc(Br)cs1,2,5.06
710,COC(=O)c1c(NC(NC(=O)c2cccnc2)(C(F)(F)F)C(F)(F)F)sc2c1CCCCC2,1,5.75
711,COC(=O)c1c(N[C@@H](NC(C)=O)C(Cl)(Cl)Cl)sc2c1CCCC2,2,5.04
712,COC(=O)c1cc(-n2c(O)c3c(c2O)[C@]2(C(OC(C)=O)OC(C)=O)C=C[C@H]3O2)ccc1Cl,1,3.77
713,COC(=O)c1cc(OC)c(OC)cc1NC(=O)COc1nonc1N1CCOCC1,1,4.49
714,COC(=O)c1cc(OC)c(OC)cc1NC(=O)CSc1nncn1C,1,2.78
715,COC(=O)c1ccc(-n2c(C)cc(C(=O)COc3cccc(-n4cnnn4)c3)c2C)cc1,0,4.77
716,COC(=O)c1ccc(Br)c(S(=O)(=O)N2CCCCC2)c1,0,3.66
717,COC(=O)c1ccc(C(=O)OC)c(NC(=O)CSc2ncnc3sc4c(c23)CC[C@@H](C)C4)c1,1,5.79
718,COC(=O)c1ccc(C)c(NC(=O)Cc2coc3cc4c(cc23)CCC4)c1,0,4.78
719,COC(=O)c1ccc(C2C3C(=O)C[C@@H](c4ccco4)CC3=Nc3ccccc3N2C(=O)C2CC2)cc1,0,4.44
720,COC(=O)c1ccc(N(C(=O)C(F)(F)F)[C@@H]2C=CS(=O)(=O)C2)cc1,0,2.05
721,COC(=O)c1ccc(OC(=O)c2cc(OC)cc(OC)c2)cc1,0,4.64
722,COC(=O)c1cccc(C)c1S(=O)(=O)NC(=O)N=c1nc(N(C)C)nc(OCC(F)(F)F)[nH]1,0,0.96
723,COC(=O)c1cccc(C)c1S(=O)(=O)NC(=O)N=c1nc(N(C)C)nc(OCC(F)(F)F)[nH]1,1,0.96
724,COC(=O)c1cccc(C)c1S(=O)(=O)NC(=O)N=c1nc(N(C)C)nc(OCC(F)(F)F)[nH]1,2,0.96
725,COC(=O)c1cccc(NC(=O)CCN2C(=O)c3ccccc3C2=O)c1,0,3.39
726,COC(=O)c1cccc(NC(=O)c2cc(C(=O)Nc3cccc(C(=O)OC)c3)cc(N3C(=O)c4ccccc4C3=O)c2)c1,1,6.09
727,COC(=O)c1cccc(NC(=O)c2ccc(C)cc2)c1,0,3.72
728,COC(=O)c1ccccc1O,1,2.36
729,COC(=O)c1ccccc1S(=O)(=O)NC(=O)N=c1nc(C)[nH]c(OC)n1,0,-1.74
730,COC(=O)c1ccccc1S(=O)(=O)NC(=O)N=c1nc(C)[nH]c(OC)n1,1,-1.74
731,COC(=O)c1cnn2c(C(F)(F)F)cc(-c3cc(OC)c(OC)c(OC)c3)nc12,0,4.08
732,COC(=O)c1sc(=N)[nH]c1C,1,1.48
733,COC(=O)c1sccc1S(=O)(=O)NC(=O)N=c1nc(C)[nH]c(OC)n1,0,0.2
734,COC(=O)c1sccc1S(=O)(=O)NC(=O)N=c1nc(C)[nH]c(OC)n1,1,0.2
735,COC(=O)n1c(-c2cscn2)nc2ccccc21,1,2.05
736,COC(=O)n1cc(F)c(=O)[nH]c1=O,0,-0.68
737,COC1=CC(=O)CC(C)C12Oc1c(Cl)c(OC)cc(OC)c1C2=O,1,2.18
738,COCCCNC(=O)c1cc(Br)c(C)c(C)c1C,2,2.93
739,COCCCNC(=O)c1ccccc1C(F)(F)F,0,2.0
740,COCCCNC(=S)N1[C@H](C)CCC[C@H]1C,0,2.8
741,COCCOC(=O)C1=C(C)N=C2CC(c3cccc(OC)c3)CC(=O)C2C1c1coc2ccc(C)cc2c1=O,2,5.23
742,COCCOCCOC(=O)C(Cc1ccc(OC(=O)N(C)C)cc1)NC(=O)C1N(S(=O)(=O)c2cnn(C)c2)CSC1(C)C,0,1.41
743,COCCn1c(C)cc(C(=O)CSc2n[nH]c3nc4ccccc4n23)c1C,2,3.45
744,COCCn1c(C)cc(C(=O)CSc2ncnc3sc(C)c(C)c23)c1C,1,4.59
745,COCON1C(=O)CN(C(C)=O)[C@H]1c1ccc(Cl)cc1Cl,0,1.98
746,COC[C@H](C)NC(=O)CCl,1,0.61
747,COCc1cc(OC(=O)N(C)C)nc(SCC(=O)C(C)(C)C)n1,0,3.33
748,COc1[nH]cnc(=NS(=O)(=O)c2ccc(N)cc2)c1OC,0,0.7
749,COc1[nH]cnc(=NS(=O)(=O)c2ccc(N)cc2)c1OC,1,0.7
750,COc1c(Cl)ccc(Cl)c1C(=O)Nc1ccc(C)cc1C,0,4.0
751,COc1cc(/C=C/C(=O)N[C@H]2CCCc3ccccc32)cc(OC)c1OC,0,4.27
752,COc1cc(/C=C/C(=O)Nc2ccc(N3CCCCC3)cc2)ccc1OC(F)F,2,5.36
753,COc1cc(/C=N\n2cnc3sc4c(c3c2=O)CCCC4)ccc1OCc1ccccc1,0,5.68
754,COc1cc(=NS(=O)(=O)c2ccc(N)cc2)[nH]c(OC)n1,0,1.63
755,COc1cc(C#N)ccc1OC(=O)/C=C/c1cccc(F)c1,0,4.46
756,COc1cc(C(=O)COC(=O)CCCOc2ccc(Cl)cc2Cl)cc(OC)c1OC,1,5.59
757,COc1cc(C(=O)Nc2cccc(C#N)c2)cc(OC)c1OC,0,3.44
758,COc1cc(C(=O)Nc2ccccc2C(C)(C)C)cc(OC)c1OC,0,3.61
759,COc1cc(C(=O)O)ccc1O,0,1.43
760,COc1cc(C(=O)c2ccc(F)cc2)cc(C(=O)c2ccc(F)cc2)c1,0,4.89
761,COc1cc(C2=Nc3cc(C)c(C)cc3NC3CC(C)(C)CC(=O)C23)cc(OC)c1OC(C)=O,2,4.21
762,COc1cc(C2c3c(cc(C)[nH]c3=O)OC(=N)C2C#N)cc(OC)c1OC,2,2.55
763,COc1cc(C=O)ccc1OS(=O)(=O)c1ccc(F)c(F)c1,1,3.68
764,COc1cc(CC(=NC(=O)c2ccccc2)C(=O)Nc2cccc(CO)c2)ccc1OC(C)=O,1,4.04
765,COc1cc(Cc2c[nH]c(=N)[nH]c2=N)cc(OC)c1OC,0,0.91
766,COc1cc(Cc2c[nH]c(=N)[nH]c2=N)cc(OC)c1OC,1,0.91
767,COc1cc(Cc2c[nH]c(=N)[nH]c2=N)cc(OC)c1OC,2,0.91
768,COc1cc(OC)[nH]c(=NC(=O)NS(=O)(=O)c2ncccc2C(F)(F)F)n1,1,-0.06
769,COc1cc(OC)c(C2C3C(=O)CCCC3=Nc3ncnn32)cc1OC,1,2.19
770,COc1cc([C@@H]2C3=C(CCCC3=O)N(c3ccccc3C(F)(F)F)C(=N)C2C(=O)c2ccccc2)cc(OC)c1OC,0,4.51
771,COc1cc([C@H]2NC(=O)N=C(C)C2C(=O)OC(C)C)ccc1OC(F)F,0,3.75
772,COc1cc([C@H]2c3c(C)n[nH]c3OC(=N)C2C#N)ccc1OCc1cccc(F)c1,2,4.42
773,COc1cc2c(cc1OC)CN(C(=O)c1cccc(S(=O)(=O)N3CCCCC3)c1)CC2,0,4.2
774,COc1cc2c(cc1OC)[C@@H](COc1ccc(F)cc1)N(C(=O)/C=C/c1ccccc1)CC2,0,5.45
775,COc1cc2c(cc1OC)[C@@]1(C)N(CC2)C(=O)OC12CCCCC2,0,3.47
776,COc1cc2c(cc1OC)[C@H](COc1ccc3c(C)cc(=O)oc3c1)N(C(=O)C1CCCCC1)CC2,0,5.07
777,COc1cc2c3c(c1)/C(=C1/SC(=NC(C)=O)NC1=O)C(=O)N3C(C)(C)C=C2C,1,4.62
778,COc1ccc(-c2n[nH]c(=N)s2)cc1OC,1,2.34
779,COc1ccc(-c2nnc(SCC(=O)c3c(N)n(C)c(=O)n(C)c3=O)n2-c2cccc(C(F)(F)F)c2)cc1,2,4.89
780,COc1ccc(-c2nnc(SCc3cc(=O)oc4ccc5ccccc5c34)n2N)cc1,0,4.24
781,COc1ccc(-n2c(O)c3ccccc3cc2=O)cc1,0,2.56
782,COc1ccc(-n2c(O)cc(Sc3nc(C)cc(C)n3)c2O)cc1OC,2,2.95
783,COc1ccc(/N=C/c2ccc(/C=N/c3ccc(OC)cc3)cc2)cc1,2,5.24
784,COc1ccc(=NS(=O)(=O)c2ccc(N)cc2)[nH]n1,0,0.32
785,COc1ccc(=NS(=O)(=O)c2ccc(N)cc2)[nH]n1,1,0.32
786,COc1ccc(=NS(=O)(=O)c2ccc(NC(C)=O)cc2)[nH]n1,0,0.37
787,COc1ccc(=NS(=O)(=O)c2ccc(NC(C)=O)cc2)[nH]n1,1,0.37
788,COc1ccc(C(=O)/C=C/C=C(Cl)Cl)cc1,0,4.4
789,COc1ccc(C(=O)CC=Nc2ccc(Cl)c(C(F)(F)F)c2)cc1OC,0,5.31
790,COc1ccc(C(=O)CSc2nnc(-c3ccccc3)o2)cc1,0,4.15
791,COc1ccc(C(=O)Cn2c(N3CCCCCC3)nc3c2c(=O)n(C)c(=O)n3C)cc1,2,4.42
792,COc1ccc(C(=O)Nc2cccc(F)c2)cc1S(=O)(=O)N1CCOCC1,0,3.64
793,COc1ccc(C(=O)O)c(O)c1,0,2.99
794,COc1ccc(C(=O)OCC(=O)c2cc(C)n(C[C@@H]3CCCO3)c2C)c(OC)c1,0,4.18
795,COc1ccc(C(C(=O)Nc2ccc3c(c2)OCCO3)N(C)C(=O)Cc2c[nH]c3ccccc23)cc1,0,3.76
796,COc1ccc(C(C)=O)cc1COC(=O)c1cc(Cl)ccc1Cl,0,4.45
797,COc1ccc(C)cc1-n1nnnc1SCC(=O)Nc1cc(C(N)=O)cc(C(N)=O)c1,0,4.15
798,COc1ccc(C2CC(=O)C3C(=Nc4ccccc4N(C(=O)C(F)(F)F)C3c3cc(OC)c(OC)c(OC)c3)C2)cc1,1,4.87
799,COc1ccc(C2Sc3ccccc3N(CCN(C)C)C(=O)C2OC(C)=O)cc1,1,2.89
800,COc1ccc(C=O)cc1COc1c(F)c(F)cc(F)c1F,0,4.24
801,COc1ccc(CCN(C)CCCC(C#N)(c2ccc(OC)c(OC)c2)C(C)C)cc1OC,0,3.79
802,COc1ccc(CCN(C)CCCC(C#N)(c2ccc(OC)c(OC)c2)C(C)C)cc1OC,1,3.79
803,COc1ccc(CCN(C)CCCC(C#N)(c2ccc(OC)c(OC)c2)C(C)C)cc1OC,2,3.79
804,COc1ccc(CCNC(=O)CSc2nc3c(c(=O)n(C)c(=O)n3C)n2Cc2ccccc2F)cc1OC,0,4.0
805,COc1ccc(CN(CCN(C)C)c2ccccn2)cc1,1,3.27
806,COc1ccc(CNC(=O)C2CCCC2)cc1,0,2.6
807,COc1ccc(Cc2nccc3cc(OC)c(OC)cc23)cc1OC,0,3.0
808,COc1ccc(Cc2nccc3cc(OC)c(OC)cc23)cc1OC,1,3.0
809,COc1ccc(N(C(=O)C2CCCCC2)S(=O)(=O)c2ccc3c4c(cccc24)C(=O)N3C)cc1,0,5.26
810,COc1ccc(N(CC(=O)N[C@@H]2CCS(=O)(=O)C2)S(=O)(=O)c2ccc(C)c(Cl)c2)cc1,0,3.32
811,COc1ccc(N2C(=S)N=C(N[C@@H]([C@@H](Oc3ccc(Cl)cc3)n3cncn3)C(C)(C)C)C2(C)C)cc1,1,5.56
812,COc1ccc(N2C3=C(C(=O)CC(C)(C)C3)C(c3ccc4c(c3)OCO4)C3=C2CC(C)(C)CC3=O)cc1,0,5.72
813,COc1ccc(NC(=O)C(OC(=O)CNC(=O)c2ccc(C)s2)c2ccccc2)cc1Cl,0,4.54
814,COc1ccc(NC(=O)c2cc(NC(=O)c3ccccc3)cc(C(=O)Nc3ccc(OC)cc3)c2)cc1,0,5.59
815,COc1ccc(NC(=O)c2sc3sc(C(=O)Nc4ccc(OC)c(OC)c4)c(N)c3c2N)cc1OC,2,4.88
816,COc1ccc(O)c(C(=O)O)c1,0,2.78
817,COc1ccc(O)c(CN(C(C)=O)c2cc(F)ccc2Oc2ccccc2)c1,1,2.78
818,COc1ccc(OC)c(CN(C(C)=O)c2cc(F)ccc2Oc2ccccc2)c1,1,3.65
819,COc1ccc(OC)c(NC(=O)c2ccc(N=C3C(=O)N(C4CCCCC4)C(=O)C3Cl)cc2)c1,0,5.96
820,COc1ccc(OCC(=O)N2CCN(C(=O)c3ccco3)CC2)cc1,0,2.76
821,COc1ccc(OCCF)c(CN(C(C)=O)c2cc(F)ccc2Oc2ccccc2)c1,1,3.81
822,COc1ccc(OCCOS(=O)(=O)c2ccc(C)cc2)c(CN(C(C)=O)c2cc(F)ccc2Oc2ccccc2)c1,1,4.65
823,COc1ccc(OCF)c(CN(C(C)=O)c2cc(F)ccc2Oc2ccccc2)c1,1,3.7
824,COc1ccc(OCI)c(CN(C(C)=O)c2cc(F)ccc2Oc2ccccc2)c1,1,4.02
825,COc1ccc(Oc2c(C(F)(F)F)oc3cc(OC(=O)N4CCOCC4)ccc3c2=O)cc1,0,4.63
826,COc1ccc(S(=O)(=O)N2CCCCCC2)cc1C(=O)OCC(=O)c1c(N)n(C)c(=O)n(C)c1=O,2,4.59
827,COc1ccc(S(=O)(=O)n2c(=O)n(S(=O)(=O)c3ccc(OC)cc3)c3ccccc32)cc1,0,5.22
828,COc1ccc([C@@H](C)n2c(C)c3c(C)nnc(C)c3c2C)cc1,2,3.43
829,COc1ccc([C@@H]2C(C(=O)N3CCCCCC3)c3ccccc3C(=O)N2Cc2ccc(F)cc2)cc1,0,5.01
830,COc1ccc([C@@H]2C(C(=O)OCCOC(C)C)=C(C)N=C3C[C@@H](c4cccs4)CC(=O)C32)cc1OC,2,4.45
831,COc1ccc([C@@H]2C3=C(CC(C)(C)CC3=O)N(c3ccc(Cl)cc3)C(=N)C2C#N)cc1OC,0,4.34
832,COc1ccc([C@@H]2C3=C(CCCC3=O)N(c3ccccc3C(F)(F)F)C(=N)C2C#N)cc1CSc1ccccn1,2,5.45
833,COc1ccc([C@@H]2C3C(=O)C[C@@H](c4ccco4)CC3=Nc3ccccc3N2C(=O)C(F)(F)F)cc1,0,4.62
834,COc1ccc([C@@H]2CC(=O)N(c3sc4c(c3C#N)CCCC4)C3=C2C(=O)CCC3)c(OC)c1,0,4.55
835,COc1ccc([C@@H]2CCCC[C@H]2O)cc1,0,2.85
836,COc1ccc([C@@H]2Nc3ccccc3C(=O)N2c2ccccc2)cc1COc1ccc(NC(C)=O)cc1,2,4.65
837,COc1ccc([C@@H]2[C@@H]3CCCC=C3C(C#N)C(=N)C2(C#N)C#N)cc1COCC(F)(F)F,0,5.5
838,COc1ccc([C@@H]2c3c(c(O)n(-c4sc5c(c4C#N)CCCC5)c3O)ON2c2ccccc2C)cc1,0,5.83
839,COc1ccc([C@H]2C(C(=O)Nc3ccc(F)cc3F)c3cc(OC)c(OC)cc3C(=O)N2C)cc1OC,0,3.66
840,COc1ccc([C@H]2CC(=O)C3C(=Nc4ccc5ccccc5c4[C@@H]3c3ccc4c(c3)OCO4)C2)cc1,0,5.77
841,COc1ccc([C@H]2C[C@@H](c3ccc(-c4ccccc4)cc3)Nc3ncnn32)cc1,1,5.42
842,COc1ccc([C@H]2C[C@H](C(F)(F)F)n3ncc(C(=O)N(C)Cc4cnn(C)c4C)c3N2)cc1OC,1,4.25
843,COc1ccc2[nH]c(=NCCCN(C)CCCN=c3[nH]c4ccc(OC)cc4n4cccc34)c3cccn3c2c1,1,3.41
844,COc1ccc2[nH]c(=NCCCN3CCN(CCCN=c4[nH]c5ccc(OC)cc5n5cccc45)CC3)c3cccn3c2c1,1,4.67
845,COc1ccc2[nH]c(=NCCCN3CCN(CCCN=c4[nH]c5ccc(OC)nc5n5cccc45)CC3)c3cccn3c2n1,1,4.73
846,COc1ccc2[nH]c(=NCCCNCCCN=c3[nH]c4ccc(OC)cc4n4cccc34)c3cccn3c2c1,1,2.58
847,COc1ccc2c(C)c(C)c(=O)oc2c1C,0,3.45
848,COc1ccc2c(C=Nc3c(C)n(C)n(-c4ccccc4)c3=O)c(=O)n(Cc3ccco3)c(O)c2c1,2,4.66
849,COc1ccc2c(c1)O[C@](O)(C(F)(F)F)CC2=O,0,2.79
850,COc1ccc2c(c1)[nH]c(=NCCCN(C)CCCN=c1[nH]c3cc(OC)ccc3n3cccc13)c1cccn12,1,3.55
851,COc1ccc2c(c1)[nH]c(=NCCCN1CCN(CCCN=c3[nH]c4cc(OC)ccc4n4c(Cl)ccc34)CC1)c1ccc(Cl)n12,1,5.74
852,COc1ccc2c(c1)[nH]c(=NCCCN1CCN(CCCN=c3[nH]c4cc(OC)ccc4n4cccc34)CC1)c1cccn12,1,3.72
853,COc1ccc2c(c1)[nH]c(=NCCCNCCCN=c1[nH]c3cc(OC)ccc3n3cccc13)c1cccn12,1,2.76
854,COc1ccc2c(c1)c(CC(=O)O)c(C)n2C(=O)c1ccc(Cl)cc1,0,4.27
855,COc1ccc2c(c1)c(CC(=O)O)c(C)n2C(=O)c1ccc(Cl)cc1,1,4.27
856,COc1ccc2c3c1OC1C(O)C=CC4C(C2)N(C)CCC341,1,0.47
857,COc1ccc2cc(C(C)C(=O)O)ccc2c1,0,3.24
858,COc1ccc2cc(C(C)C(=O)O)ccc2c1,1,3.29
859,COc1ccc2cc(C(C)C(=O)OCC(=O)N(C)C)ccc2c1,1,2.05
860,COc1ccc2cc(C(C)C(=O)OCC(=O)N(C)CC(N)=O)ccc2c1,1,1.37
861,COc1ccc2cc(C(C)C(=O)OCC(=O)N(C)CCO)ccc2c1,1,2.01
862,COc1ccc2cc(C(C)C(=O)OCC(=O)N(CCO)CCO)ccc2c1,1,1.7
863,COc1ccc2cc(C(C)C(=O)OCC(N)=O)ccc2c1,1,2.06
864,COc1ccc2nc(-c3ccc(N(C)C)cc3)sc2c1,1,3.3
865,COc1ccc2nc(-c3ccc(N)cc3)sc2c1,1,1.9
866,COc1cccc(-c2[nH]nc3c2[C@@H](c2cc(OC)c(OC)cc2Br)C(C#N)C(=N)O3)c1,2,4.52
867,COc1cccc(-c2ccc3c(N)c(C(=O)Nc4ccc(F)c(F)c4)sc3n2)c1,1,5.86
868,COc1cccc(-c2cn3c4c(=O)n(C)c(=O)n(C)c4nc3n2-c2cccc(C)c2)c1,0,4.16
869,COc1cccc(-n2c(SCc3cc(=O)n4ccsc4n3)nc3ccccc3c2=O)c1,0,3.56
870,COc1cccc(/C=C/C(=O)OCC(=O)c2cc(C)n(-c3cc(C)on3)c2C)c1,1,5.2
871,COc1cccc(C(=O)N2CCC[C@H](c3ccccc3)C2)c1,0,4.04
872,COc1cccc(Cn2cc(N)cn2)c1,1,1.55
873,COc1cccc(NC(=O)C(OC(=O)C2=COCCO2)c2ccccc2)c1,0,3.81
874,COc1cccc(NC(=O)CSc2nnc3ccccn23)c1,1,2.45
875,COc1cccc(OC)c1C(=O)Nc1ccc(N2CCN(C(=O)c3ccccc3C)CC2)cc1,1,4.16
876,COc1cccc(OCCn2c(=O)c3cc4c(=O)n(CCOc5cccc(OC)c5)c(=O)c4cc3c2=O)c1,0,5.43
877,COc1cccc([C@@H]2C3=C(CCCC3=O)N=C(C)C2C(=O)OC[C@@H]2CCCO2)c1,1,3.62
878,COc1ccccc1/C=N/n1c(C)cc(C)c(C#N)c1=O,0,3.08
879,COc1ccccc1N(CCOC(O)c1cc(O)n(-c2ccccc2)c1)C1=NS(=O)(=O)c2ccccc21,1,2.5
880,COc1ccccc1N1C(=O)c2ccc(C(=O)Nc3ccc(-c4nnc(-c5ccccc5)o4)cc3)cc2C1=O,1,6.17
881,COc1ccccc1N=c1nc(OCC(F)(F)F)[nH]c(OCC(F)(F)F)n1,0,5.27
882,COc1ccccc1NC(=O)C1=C(C)N=C(SCC(=O)Nc2ccc(C)c(Cl)c2)C(C#N)[C@@H]1c1ccco1,0,6.27
883,COc1ccccc1NC(=O)C1C(C)=Nc2nc(SCc3ccccc3F)nn2C1c1ccncc1,1,4.66
884,COc1ccccc1NC(=S)N[C@H](NC(=O)c1ccccc1C)C(Cl)(Cl)Cl,0,3.95
885,COc1ccccc1[C@@H]1C=C2N=C(C)C(C(=O)OC3CCCC3)[C@@H](c3ccc(OC(C)=O)cc3)C2C(=O)C1,2,5.81
886,COc1ccccc1[C@@H]1CC(=O)Nc2cc(C)c(C)cc21,0,4.17
887,COc1cnc(=NS(=O)(=O)c2ccc(N)cc2)[nH]c1,0,0.41
888,COc1cnc(=NS(=O)(=O)c2ccc(N)cc2)[nH]c1,1,0.41
889,COc1cnc(=NS(=O)(=O)c2ccc(N)cc2)[nH]c1,2,0.41
890,COc1nc(=NC(=O)NS(=O)(=O)c2ccccc2OCCCl)nc(C)[nH]1,0,1.1
891,COc1nc(=NC(=O)NS(=O)(=O)c2ccccc2OCCCl)nc(C)[nH]1,2,-1.8
892,COc1nc(=Nc2ccccc2)nc(Cl)[nH]1,0,2.89
893,CS(=O)(=O)N(CC(=O)N1CCc2ccccc2C1)c1ccc(OCc2ccccc2)cc1,0,4.91
894,CS(=O)(=O)N(CC(=O)Nc1c(F)cccc1F)c1cc(Cl)c(Cl)cc1Cl,1,4.34
895,CS(=O)(=O)Nc1ccc(CCOCCCS(=O)(=O)CCNCCc2ccc(O)c3[nH]c(=O)sc23)cc1,1,1.34
896,CS(=O)(=O)Nc1ccc([N+](=O)[O-])cc1Oc1ccccc1,1,2.6
897,CS(=O)(=O)Nc1ccc([N+](=O)[O-])cc1Oc1ccccc1,2,2.6
898,CS(=O)(=O)c1ccc(-c2coc(O)c2-c2ccccc2)cc1,0,1.71
899,CS(=O)(=O)c1ccc(-c2coc(O)c2-c2ccccc2)cc1,1,1.71
900,CSCC(NC(=O)COc1cccc2cnccc12)C(=O)NC(Cc1ccccc1)C(=O)C(O)N1CSCC1C(=O)NC(C)(C)C,0,3.56
901,CSCC(NC(=O)COc1cccc2cnccc12)C(=O)NC(Cc1ccccc1)C(=O)C(O)N1CSCC1C(=O)NC(C)(C)C,1,3.56
902,CSCCC(N)C(=O)NC(CC(C)C)C(=O)NC(Cc1ccccc1)C(=O)O,1,-1.03
903,CSCCC(N)C(=O)NC(CC(C)C)C(=O)O,1,-1.84
904,CSCCC(N)C(=O)NC(Cc1ccccc1)C(=O)O,1,0.42
905,CSCCC(NC(=O)C(C)N)C(=O)NC(C(=O)O)C(C)C,1,-0.63
906,CSCCC(NC(=O)C(Cc1ccccc1)NC(=O)CNC(=O)CNC(=O)C(N)Cc1ccc(O)cc1)C(=O)O,1,-1.39
907,CSCCC(NC(=O)C(N)CC(C)C)C(=O)O,1,-1.87
908,CSCCC(NC(=O)C(N)Cc1ccccc1)C(=O)O,1,-1.59
909,CSc1ccc(S(=O)(=O)N(CC(=O)NC[C@@H]2CCCO2)c2ccc(C)cc2)cc1,0,4.3
910,CSc1ccc([C@@H]2c3c(c(O)n(-c4cccc(C(F)(F)F)c4)c3O)ON2c2ccccc2)cc1,2,5.98
911,CSc1cccc(CCOCCS(=O)(=O)CCCNCCc2ccc(O)c3[nH]c(=O)sc23)c1,1,1.63
912,CSc1nc2c(C#N)c(SC)nn2c(-c2ccc(Cl)cc2)c1C#N,0,5.51
913,CSc1ncccc1C(=O)OCC(=O)Nc1c(C)n(C)n(-c2ccccc2)c1=O,2,3.63
914,CSc1scc(-c2cccs2)c1C#N,0,3.69
915,C[C@@H](CCc1ccccc1)NC(=O)C(=O)NC[C@@H]1COc2ccccc2O1,1,4.8
916,C[C@@H](NC(=O)C1CCN(C(=O)c2ccc(F)cc2)CC1)c1ccccc1,0,3.48
917,C[C@@H](NC(=O)CN(C1CCCCC1)S(=O)(=O)c1ccccc1)c1ccccc1,0,4.9
918,C[C@@H]1C=CCc2c1c(O)n(-c1cccc(C(=O)OCC(=O)c3ccc(Br)cc3)c1)c2O,0,5.29
919,C[C@@H]1CCC2[C@](C)(CC[C@@H]3OC(C)(C)OC[C@@]23C)[C@@]12CCC1(COC(=O)C1)O2,0,4.24
920,C[C@@H]1CCCCN1C(=O)CCCCC(=O)N1CCCC[C@H]1C,0,3.42
921,C[C@@H]1CCCC[C@H]1NC(=O)COC(=O)C1=COCCO1,0,2.48
922,C[C@@H]1CCCN(c2nc3c(c(=O)n(C)c(=O)n3C)n2CCSc2nc3ccccc3s2)C1,1,5.05
923,C[C@@]1(c2ccc(Cl)cc2)NC(=S)N2[C@@H]1NC(=S)N2c1ccc(Cl)cc1,0,4.94
924,C[C@@]1(c2ccc(Cl)cc2Cl)OC[C@@H](Cn2cncn2)O1,2,3.68
925,C[C@H](CCC(=O)O)[C@H]1CC[C@H]2[C@@H]3CC[C@@H]4C[C@H](O)CC[C@]4(C)[C@H]3C[C@H](O)C21C,0,3.5
926,C[C@H](CCC(=O)O)[C@H]1CC[C@H]2[C@H]3[C@H](CC[C@@]21C)[C@@]1(C)CC[C@@H](O)CC1C[C@H]3O,0,4.15
927,C[C@H](NC(=O)C1CC1)c1ccccc1,0,1.85
928,C[C@H](NC(=O)CSc1ncnc2c1cnn2-c1ccccc1)c1ccccc1,2,4.73
929,C[C@H]1CCCC[C@@H]1NC(=O)COc1ncnc2ccccc12,1,3.11
930,C[C@H]1CCCN(C(=O)COC(=O)COc2cc(Cl)c(Cl)cc2Cl)C1,1,4.97
931,C[C@H]1CCC[C@@H](C)N1C(=O)COC(=O)c1ccc2c(c1)S(=O)(=O)c1ccccc1C2=O,0,4.39
932,C[C@H]1CCc2[nH]c(=NC(=O)c3ccc(F)c(F)c3)sc2C1,1,4.79
933,C[C@H]1CN(C(=N)NS(=O)(=O)c2cc(C(F)(F)F)cc(C(F)(F)F)c2)C[C@@H](C)O1,0,4.43
934,C[C@H]1CN(C(=O)c2cc(-c3ccc4c(c3)OCO4)nc3ccccc23)C[C@H](C)O1,2,4.19
935,C[C@H]1CN(C(=O)c2csc3c2CCCC3)/C(=N/c2ccc(Cl)cc2)S1,0,5.53
936,C[C@H]1C[C@H](C)CN(C(=O)CSc2nnc(-c3ccccc3)n2C)C1,2,3.68
937,C[C@H]1C[C@H](NC(=S)NCc2csc3ccccc23)CC(C)(C)C1,0,6.21
938,C[C@]12CO[C@]3(C(=O)NCC(F)(F)F)C[C@H]1CC[C@]23C,0,3.11
939,Cc1[nH]c(=NS(=O)(=O)c2ccc(N)cc2)oc1C,0,0.59
940,Cc1[nH]c(=NS(=O)(=O)c2ccc(N)cc2)oc1C,1,0.59
941,Cc1[nH]c2ccccc2c1C1=CN2CCS(=O)(=O)N=C2S1,0,1.56
942,Cc1[nH]n(-c2ccccc2)c(=N)c1-c1ccccc1,1,3.27
943,Cc1[nH]oc(=NS(=O)(=O)c2ccc(N)cc2)c1C,0,1.01
944,Cc1[nH]oc(=NS(=O)(=O)c2ccc(N)cc2)c1C,1,1.01
945,Cc1c(C(=O)N2CCN(S(=O)(=O)c3ccccc3)CC2)sc2nc3n(c(=O)c12)CCCCC3,2,4.13
946,Cc1c(C(=O)Nc2ccc(S(=O)(=O)N3CCCCCC3)cc2)oc2ccc(F)cc12,0,5.68
947,Cc1c(C)c(C)c(CSc2nnc(CC#N)n2C)c(C)c1C,1,4.14
948,Cc1c(CN(C)C(=O)C(C)n2nc(C(F)F)c(Br)c2C)cnn1C,0,3.12
949,Cc1c(Cl)c(C(F)(F)F)nn1C(C)C(=O)N1CCOCC1,0,3.08
950,Cc1c(NC(=O)C2CCCCN2S(=O)(=O)c2ccc(Cl)cc2)c(=O)n(-c2ccccc2)n1C,0,3.89
951,Cc1c(NC(=O)CC(c2ccccc2)c2ccccc2)cccc1-n1cnnn1,0,3.2
952,Cc1c(OCc2c(F)cccc2Cl)c(=O)ccn1Cc1ccc(Cl)cc1,2,5.63
953,Cc1c/c(=N\S(=O)(=O)c2ccc(N)cc2)n(C)o1,1,0.48
954,Cc1cc(=NS(=O)(=O)c2ccc(N)cc2)[nH]c(C)n1,0,-0.33
955,Cc1cc(=NS(=O)(=O)c2ccc(N)cc2)[nH]o1,0,0.89
956,Cc1cc(=NS(=O)(=O)c2ccc(N)cc2)[nH]o1,1,0.89
957,Cc1cc(=O)n(-c2ccccc2)n1C,1,0.38
958,Cc1cc(=O)oc2cc(OC(C)C)ccc12,0,3.33
959,Cc1cc(Br)ccc1NC(=O)CSc1n[nH]c(=N)s1,1,2.69
960,Cc1cc(C(=O)COC(=O)c2oc3ccccc3c2COC(C)C)c(C)n1-c1c(C)n(C)n(-c2ccccc2)c1=O,0,5.39
961,Cc1cc(C(=O)Cn2c(O)c3c(c2O)CC=CC3)c(C)n1Cc1ccc2c(c1)OCO2,0,4.38
962,Cc1cc(C(F)(F)F)n2nc(-c3nnc(-c4cccc(C(F)(F)F)c4)o3)cc2n1,2,4.92
963,Cc1cc(C(F)(F)F)nn1C(C)c1n[nH]c(=Nc2ccn(Cc3ccccc3)n2)s1,2,5.34
964,Cc1cc(C)[nH]c(=NS(=O)(=O)c2ccc(N)cc2)n1,0,0.28
965,Cc1cc(C)[nH]c(=NS(=O)(=O)c2ccc(N)cc2)n1,1,0.28
966,Cc1cc(C)[nH]c(=NS(=O)(=O)c2ccc(N)cc2)n1,2,0.28
967,Cc1cc(C)c(NC(=O)CSc2nnc(-c3ccc(OC(F)F)cc3)n2N)c(C)c1,2,4.41
968,Cc1cc(C)c([C@H]2[C@@H]3CCCC=C3C(C#N)C(=N)C2(C#N)C#N)c(C)c1,0,5.48
969,Cc1cc(C)cc(CCOCCS(=O)(=O)NCCNCCc2ccc(O)c3[nH]c(=O)sc23)c1,1,2.59
970,Cc1cc(C)cc(OC(C(=O)O)C2(c3ccccc3)NCC(=O)N(Cc3c(F)cc(F)cc3F)c3ccccc32)c1,1,2.1
971,Cc1cc(C)n(-c2ccc(-n3cccc3/C=C(\C#N)S(C)(=O)=O)cc2)n1,1,4.25
972,Cc1cc(C)n(C2=NCCN2S(=O)(=O)c2cc(C(F)(F)F)cc(C(F)(F)F)c2)n1,2,4.7
973,Cc1cc(C)n(CCOC(=O)C2[C@H](C=C(Cl)Cl)C2(C)C)n1,2,4.76
974,Cc1cc(C)n2c(SCc3ccc(C(=O)c4ccccc4)cc3)nnc2n1,2,4.43
975,Cc1cc(C)n2nc(SC(C)C(=O)NCC(=O)Nc3ccc(F)c(F)c3F)nc2n1,0,2.18
976,Cc1cc(C)n2nc(SCC(=O)NCCNC(=O)CSc3nc4nc(C)cc(C)n4n3)nc2n1,2,0.82
977,Cc1cc(C)nc(-n2nc(C)c3c2N=C2CC(C)(C)CC(=O)C2[C@@H]3c2ccco2)n1,1,4.34
978,Cc1cc(C)nc(OC(C(=O)O)C2(c3cccc(-c4ccccc4)c3)NCC(=O)N(Cc3c(F)cc(F)cc3F)c3ccccc32)n1,1,1.8
979,Cc1cc(C)nc(OC(C(=O)O)C2(c3ccccc3)NCC(=O)N(C)c3ccccc32)n1,1,-2.0
980,Cc1cc(C)nc(OC(C(=O)O)C2(c3ccccc3)NCC(=O)N(c3c(F)cc(F)cc3F)c3ccccc32)n1,1,0.4
981,Cc1cc(Cl)ccc1NC(=S)NCCc1c[nH]c2ccccc12,0,4.34
982,Cc1cc(Cl)ccc1OC(C)C(=O)NC1CCCCCC1,0,5.45
983,Cc1cc(N(C)S(=O)(=O)c2ccc(N)cc2)no1,1,1.76
984,Cc1cc(SCC(=O)NCc2ccc3c(c2)OCO3)nc2ccccc12,2,4.15
985,Cc1cc([N+](=O)[O-])cc([N+](=O)[O-])c1O,1,2.13
986,Cc1cc2c(c(=O)o1)[C@@H](c1cccc(F)c1F)C(C#N)C(=N)O2,2,3.1
987,Cc1cc2c(cc1C)NC(c1cc3c(cc1Cl)OCO3)C1C(=O)CC(C)(C)CC1=N2,1,4.38
988,Cc1cc2ccccc2c(=O)n1CC(=O)NCC(=O)N1CCN(c2cccc(Cl)c2)CC1,1,4.45
989,Cc1cc2ccccc2cn1,2,2.68
990,Cc1cc[nH]c(=NS(=O)(=O)c2ccc(N)cc2)n1,0,0.14
991,Cc1cc[nH]c(=NS(=O)(=O)c2ccc(N)cc2)n1,1,0.14
992,Cc1ccc(-c2c(C#N)c(Sc3c(C)[nH]n(-c4ccccc4)c3=O)[nH]c(=N)c2C#N)cc1,2,4.99
993,Cc1ccc(-c2cc(C(F)(F)F)nn2-c2ccc(S(N)(=O)=O)cc2)cc1,1,3.68
994,Cc1ccc(-c2cc(C(F)(F)F)nn2-c2ccc(S(N)(=O)=O)cc2)cc1,2,3.68
995,Cc1ccc(-c2cc(C(F)F)n3ncc(C(=O)N4CCSCC4)c3n2)cc1,0,4.55
996,Cc1ccc(-n2c(=O)c3cc4c(=O)n(-c5ccc(C)c(C)c5)c(=O)c4cc3c2=O)cc1C,0,4.83
997,Cc1ccc(-n2c(C)cc(=O)cc2C)cc1C,2,2.95
998,Cc1ccc(/C=C/C(=O)NCCNC(=O)/C=C/c2ccc(C)o2)o1,0,3.97
999,Cc1ccc(C(=O)COc2cccc(-n3c(O)c4c(c3O)[C@@H]3CC[C@H]4C3)c2)cc1C,0,4.71
1000,Cc1ccc(C(=O)N2C(=O)c3cccc(N)c3C2=O)cc1NC(=O)c1ccco1,1,3.55
1001,Cc1ccc(C(=O)c2ccc(CC(=O)O)n2C)cc1,0,2.79
1002,Cc1ccc(C(=O)c2ccc(CC(=O)O)n2C)cc1,1,2.79
1003,Cc1ccc(C)c(NC(=O)C2CC3c4ccccc4C2c2ccccc23)c1,0,5.26
1004,Cc1ccc(C)c(OCCCC(C)(C)C(=O)O)c1,0,2.8
1005,Cc1ccc(C)c(OCCCC(C)(C)C(=O)O)c1,1,2.8
1006,Cc1ccc(C)c(S(=O)(=O)N(C)c2ccc(OC(=O)c3ccc4c(c3)OCO4)cc2)c1,0,5.87
1007,Cc1ccc(C)n1-c1ccc(-c2ccnc3ncnn23)cc1,2,3.5
1008,Cc1ccc(CCCOCCS(=O)(=O)CCCNCCc2ccc(O)c3[nH]c(=O)sc23)s1,1,2.41
1009,Cc1ccc(CCOCCCS(=O)(=O)CCNCCc2ccc(O)c3[nH]c(=O)sc23)nc1,1,1.56
1010,Cc1ccc(CCOCCNS(=O)(=O)CCCNCCc2ccc(O)c3[nH]c(=O)sc23)cc1,1,2.07
1011,Cc1ccc(CNC(=O)C2CCN(S(=O)(=O)c3ccc4c(c3)OCCCO4)CC2)cc1,0,4.01
1012,Cc1ccc(Cn2c(O)c(C=C3CC=CCC3)sc2=S)cc1,1,6.26
1013,Cc1ccc(N(CC(=O)Nc2ccccc2C(=O)NCc2ccco2)S(C)(=O)=O)cc1,0,4.32
1014,Cc1ccc(N(CCOC(=O)c2ccc(S(=O)(=O)N3CCCCC3)cc2)C2=NS(=O)(=O)c3ccccc32)cc1,0,5.58
1015,Cc1ccc(N(C[C@H](O)Cn2c3ccccc3c3ccccc32)S(C)(=O)=O)c(C)c1,1,5.56
1016,Cc1ccc(N2C(=O)N(c3cccc(Cl)c3)[C@@H]3CS(=O)(=O)C[C@@H]32)cc1,0,3.56
1017,Cc1ccc(N2CC(=O)N(/N=C/c3cn(-c4ccccc4)nc3-c3ccc(Cl)cc3)CC2=O)cc1,1,6.14
1018,Cc1ccc(NC(=O)C2CCCN2C(=O)OC(C)(C)C)cc1C,0,3.9
1019,Cc1ccc(NC(=O)COC(=O)/C(=C/c2cccs2)c2cccs2)c(C)c1,1,3.83
1020,Cc1ccc(NC(=O)CSc2nnc(Cc3ccccc3)o2)cc1Cl,0,4.85
1021,Cc1ccc(NC(=O)c2ccc(S(=O)(=O)N3CCOCC3)cc2)c(C(=O)c2ccccc2)c1,0,4.54
1022,Cc1ccc(NCc2ccc3n2CC(=C2CCn4c(CNc5ccc(C)cc5)ccc42)C3=O)cc1,2,6.51
1023,Cc1ccc(NN=C(C#N)C#N)cc1,0,3.2
1024,Cc1ccc(NN=C(C#N)C#N)cc1,1,3.2
1025,Cc1ccc(N[C@H]2O[C@@H](CO)[C@H](O)[C@@H](O)[C@H]2O)cc1Br,1,2.28
1026,Cc1ccc(OCCC(=O)N2CCN(S(=O)(=O)c3cccs3)CC2)cc1,0,2.98
1027,Cc1ccc(S(=O)(=O)/N=C2\SC(=CN(C)C)C(=O)N2C2CCCCC2)cc1,1,4.75
1028,Cc1ccc(S(=O)(=O)N(C)C(=O)c2ccccc2)cc1,1,2.95
1029,Cc1ccc(S(=O)(=O)N(C)c2ccc(OCC(=O)N3CCN(c4ncccn4)CC3)cc2)cc1,2,4.46
1030,Cc1ccc(S(=O)(=O)N(CCO)Cc2ccccc2)cc1,0,3.69
1031,Cc1ccc(S(=O)(=O)N2CCCN(S(=O)(=O)c3ccc(C)cc3C)CC2)c(C)c1,0,5.01
1032,Cc1ccc(S(=O)(=O)NC(=O)NC2CCCC2)cc1,0,2.49
1033,Cc1ccc(S(=O)(=O)NC(=O)NC2CCCC2)cc1,1,2.49
1034,Cc1ccc(S(=O)(=O)NC(=O)NC2CCCCC2)cc1,0,2.9
1035,Cc1ccc(S(=O)(=O)NC(=O)NC2CCCCC2)cc1,1,2.9
1036,Cc1ccc(S(=O)(=O)NC(=O)NN2CCCCCC2)cc1,1,1.45
1037,Cc1ccc(SCC(=O)NCc2cccc(CNC(=O)CSc3ccc(C)cc3)c2)cc1,0,5.08
1038,Cc1ccc([C@@H](O)C#CC(O)(c2ccccc2)c2ccccc2)o1,2,3.53
1039,Cc1ccc([C@@H](O)P(=O)(OCC(C)C)OCC(C)C)cc1,0,4.44
1040,Cc1ccc2[nH]c3[nH]c(=NN=CC=Cc4ccco4)nnc3c2c1,1,2.18
1041,Cc1ccc2c(C)[nH]c(=Nc3nc(=O)c4c([nH]3)CCCC4)nc2c1,2,3.92
1042,Cc1ccc2c(c1)n(Cc1cccc(S(=O)(=O)N(C)C)c1)c(=O)c(=O)n2Cc1ccccc1,0,3.37
1043,Cc1ccc2nc(-c3ccc(N(C)C)cc3)sc2c1,1,3.8
1044,Cc1ccc2nc(-c3ccc(N)cc3)sc2c1,1,2.4
1045,Cc1cccc(-n2c(SC(C)C(N)=O)nnc2-c2cccc(S(=O)(=O)N(C)C)c2)c1,2,3.81
1046,Cc1cccc(C(=O)Nc2ccc(NC(=O)c3ccccc3)c(C)c2)c1,0,4.14
1047,Cc1cccc(C)c1NC(=O)CNC(=O)C1CCN(S(=O)(=O)c2cccc(Cl)c2Cl)CC1,0,3.41
1048,Cc1cccc(C)c1NC(=O)CSc1nnnn1-c1ccc(OC(F)(F)F)cc1,0,4.82
1049,Cc1cccc(C)c1NC(=O)Cn1cc(C(=O)C2CC2)c2ccccc21,0,3.47
1050,Cc1cccc(Cl)c1Cn1ccc(=Nc2nnc(Cc3ccc(-n4cnnn4)cc3)s2)[nH]1,2,4.99
1051,Cc1cccc(N=c2[nH]c3ccccc3[nH]c2=Nc2c(C)n(C)n(-c3ccccc3)c2=O)c1,0,5.96
1052,Cc1cccc(NC(=O)CSc2ccccn2)c1C,1,3.19
1053,Cc1cccc(NC(=O)Cc2ccc(Br)cc2)c1C,0,4.05
1054,Cc1cccc(NC(=O)Cc2s/c(=N\c3c(C)cccc3C)n(C)c2O)c1,1,4.75
1055,Cc1cccc(NC(=O)NC(C)C)c1C,0,2.7
1056,Cc1cccc(Nc2ccccc2C(=O)O)c1C,0,5.12
1057,Cc1cccc(Nc2ccccc2C(=O)O)c1C,1,5.12
1058,Cc1cccc2cc3cccc(C(=O)NCCCN(C)CCCN=c4[nH][n+]([O-])c5ccccc5[n+]4[O-])c3nc12,1,2.28
1059,Cc1cccc2nc3cccc(C(=O)NCCCN(C)CCCN=c4[nH][n+]([O-])c5ccccc5[n+]4[O-])c3nc12,1,1.4
1060,Cc1ccccc1-c1noc(CCl)n1,0,3.3
1061,Cc1ccccc1CCOCCCS(=O)(=O)CCNCCc1ccc(O)c2[nH]c(=O)sc12,1,2.84
1062,Cc1ccccc1N1C(=O)c2ccc(C(=O)OCC(=O)c3c(N)n(C)c(=O)n(C)c3=O)cc2C1=O,2,4.55
1063,Cc1ccccc1N1CCN(C(=O)c2ccc(S(=O)(=O)N(C)c3ccccc3)cc2)CC1,2,5.31
1064,Cc1ccccc1N[C@@H](c1ccccc1F)P(=O)(OC(C)C)OC(C)C,0,5.63
1065,Cc1ccccc1OC1C(=O)N(Cc2ccc3c(c2)OCO3)[C@H]1c1ccc2c(c1)OCO2,0,4.37
1066,Cc1ccccc1OCC(=O)NCCNC(=O)COc1ccccc1C,1,4.25
1067,Cc1ccnc(N(C(=O)c2cc3c(s2)CCCC3)C(=O)c2cc3c(s2)CCCC3)c1,1,5.76
1068,Cc1cn(C2CC(N=[N+]=[N-])C(CO)O2)c(=O)[nH]c1=O,1,0.04
1069,Cc1cn(C2CC(N=[N+]=[N-])C(COC(=O)c3ccncc3)O2)c(=O)[nH]c1=O,0,0.83
1070,Cc1cn(C2CC(N=[N+]=[N-])C(COC(=O)c3ccncc3)O2)c(=O)[nH]c1=O,1,0.83
1071,Cc1cn(C2CC(N=[N+]=[N-])C(COC(=O)c3ccncc3)O2)c(=O)[nH]c1=O,2,0.83
1072,Cc1cn(C2CC(N=[N+]=[N-])C(COP(=O)(OCCSC(=O)C(C)(C)C)Oc3ccc(CC(N)C(=O)O)cc3)O2)c(=O)[nH]c1=O,1,0.25
1073,Cc1cn(C2CC(N=[N+]=[N-])C(COP(=O)(OCCSC(=O)C(C)(C)C)Oc3ccc(CC(N)C(N)=O)cc3)O2)c(=O)[nH]c1=O,1,1.27
1074,Cc1cn(C2CC(N=[N+]=[N-])C(COP(=O)(OCCSC(=O)C(C)(C)C)Oc3ccc(CC(N)CO)cc3)O2)c(=O)[nH]c1=O,1,0.64
1075,Cc1cnc(CCOCCCS(=O)(=O)CCNCCc2ccc(O)c3[nH]c(=O)sc23)s1,1,2.87
1076,Cc1cnc2c(C(=O)O)c(Cl)ccc2c1,2,-1.11
1077,Cc1n[nH]c(=NS(=O)(=O)c2ccc(N)cc2)s1,0,0.54
1078,Cc1n[nH]c(=NS(=O)(=O)c2ccc(N)cc2)s1,1,0.54
1079,Cc1nc(-c2ccc(Cl)cc2)cs1,1,3.65
1080,Cc1nc(=O)c(C#N)c(NCc2cccnc2)[nH]1,0,0.29
1081,Cc1nc(=O)c(C#N)c(NCc2cccnc2)[nH]1,1,0.29
1082,Cc1nc(=O)c(C#N)c(NCc2cccnc2)[nH]1,2,0.29
1083,Cc1nc(N(C)C)c2sc(=S)n(-c3ccccc3)c2n1,2,3.62
1084,Cc1nc2c(=N)[nH][nH]c(=N)c2nc1C,2,1.14
1085,Cc1ncc([N+](=O)[O-])n1CCO,0,-0.02
1086,Cc1nccn1S(=O)(=O)c1ccc(Cl)cc1,1,2.93
1087,Cc1ncsc1CCOCCCS(=O)(=O)CCNCCc1ccc(O)c2[nH]c(=O)sc12,1,1.44
1088,Cc1nn(-c2ccccc2)c(C)c1-c1nnc(-c2c(C)nn(-c3ccccc3)c2C)o1,1,5.56
1089,Cc1nn(C)cc1-c1cc(C(F)(F)F)n2nc(C(=O)N3C[C@H](C)O[C@H](C)C3)cc2n1,2,4.11
1090,Cc1nn(C)cc1-c1cc(C(F)(F)F)n2ncc(C(=O)N(C3CCCCC3)C3CCCCC3)c2n1,2,5.81
1091,Cc1nnc2c(=O)n(CCN=c3[nH]cc(C(F)(F)F)cc3Cl)c3ccc(Cl)cc3n12,2,4.57
1092,Cc1noc(C)c1C(=O)OC(C)C(=O)Nc1ccc2c(c1)OCCO2,0,2.78
1093,Cc1noc(C)c1N=C1CC(=O)C(=O)c2ccccc21,0,1.04
1094,Cc1noc(C)c1N=C1CC(=O)C(=O)c2ccccc21,1,1.04
1095,Cc1noc(C)c1N=C1CC(=O)C(=O)c2ccccc21,2,1.04
1096,Cc1onc(-c2c(F)cccc2Cl)c1C(=O)OCC(=O)N1[C@H](C)CCC[C@H]1C,0,4.38
1097,Cc1sc2nc(SCC(=O)N3CCCC3)n(C3CCCCC3)c(=O)c2c1C,0,5.16
1098,Cc1sc2ncn(CC(=O)N[C@@H]3CCC[C@@H](C)[C@H]3C)c(=O)c2c1C,2,4.34
1099,Cl.NCCCCC(N)C(=O)NC(Cc1ccccc1)C(=O)O,2,0.12
1100,ClC1=C(Cl)[C@]2(Cl)[C@@H]3C=CC[C@@H]3[C@@]1(Cl)C2(Cl)Cl,0,5.69
1101,Clc1ccc(/C=N/N=C2Cn3c(nc4ccccc43)NN2)cc1,2,4.81
1102,Clc1ccc(CSc2ncccn2)cc1Cl,0,4.33
1103,Clc1ccc2[nH]c(=NCCCN3CCN(CCCN=c4[nH]c5ccc(Cl)cc5n5cccc45)CC3)c3cccn3c2c1,1,4.92
1104,Clc1ccc2[nH]c(=NCCCNCCCN=c3[nH]c4ccc(Cl)cc4n4cccc34)c3cccn3c2c1,1,5.06
1105,Clc1ccccc1-c1nnc(-c2ccccc2Cl)nn1,0,4.1
1106,Cn1c(=O)c(C(=O)CN2CCSc3ccccc32)c(N)n(Cc2ccccc2)c1=O,2,4.71
1107,Cn1c(=O)c2[nH]c(Cl)nc2n(C)c1=O,0,-0.85
1108,Cn1c(=O)c2[nH]c(Cl)nc2n(C)c1=O,1,-0.85
1109,Cn1c(=O)c2[nH]cnc2n(C)c1=O,0,-0.02
1110,Cn1c(=O)c2[nH]cnc2n(C)c1=O,1,-0.02
1111,Cn1c(C(=O)N2CCC3(CC2)OCCO3)cc2c(=O)n3ccccc3nc21,1,2.87
1112,Cn1c(C(C#N)C(=O)C(Sc2ccccc2)c2ccccc2)nc2ccccc21,1,5.28
1113,Cn1c(N)c(C(=O)COC(=O)C2CC2)c(=O)n(C)c1=O,2,2.17
1114,Cn1c(N)c(C(=O)CSc2nc3ccccc3nc2SCC(=O)c2c(N)n(C)c(=O)n(C)c2=O)c(=O)n(C)c1=O,2,2.59
1115,Cn1c(N)c(C(=O)CSc2nc3sc4c(c3c(=O)n2Cc2ccccc2)CCC4)c(=O)n(C)c1=O,2,5.21
1116,Cn1c(SCC(=O)NC2CCCCCC2)nnc1-c1ccc(Cl)cc1,1,4.21
1117,Cn1c(SCc2cc(F)cc(F)c2)nnc1-c1ccc2nonc2c1,1,3.68
1118,Cn1c2ccccc2n2c3nc(C#N)c(C#N)nc3c(C#N)c12,0,3.61
1119,Cn1cccc/c1=N\S(=O)(=O)c1ccc(N)cc1,1,1.3
1120,Cn1ncc(Br)c1C(=O)N1CCCCCC1,0,2.63
1121,Cn1ncc(Cl)c1-c1nc(-c2no[nH]c2=N)no1,0,2.77
1122,FC(F)(F)c1ccc(-n2cc3ccccc3n2)cc1,0,4.42
1123,FC(F)(F)c1nc(-c2ccc(-c3noc(C(F)(F)F)n3)cc2)no1,0,6.06
1124,FC(F)C(F)(F)OCC(Cn1cncn1)c1ccc(Cl)cc1Cl,1,3.56
1125,FC(F)Oc1ccc(NC(=S)NC[C@@H]2CCCO2)cc1Cl,0,3.74
1126,Fc1cccc(F)c1-c1nnc(-c2ccccc2Cl)nn1,1,3.3
1127,N#CC(=Cc1ccc2c(c1)OCO2)C(=O)NCc1cccc(CNC(=O)C(C#N)=Cc2ccc3c(c2)OCO3)c1,1,4.92
1128,N#CC(C#N)=NNc1ccc(C(=O)CCl)cc1,0,2.15
1129,N#CC(C#N)=NNc1ccc(C(=O)CCl)cc1,1,2.15
1130,N#CC(C#N)=NNc1ccc(CCCl)cc1,0,3.58
1131,N#CC(C#N)=NNc1ccc(CCCl)cc1,1,3.58
1132,N#CC(C#N)=NNc1ccc(Cl)cc1,0,3.39
1133,N#CC(C#N)=NNc1ccc(Cl)cc1,1,3.39
1134,N#CC(C#N)=NNc1ccc(N=Nc2ccccc2)cc1,1,4.25
1135,N#CC(C#N)=NNc1ccc(OC(F)(F)F)cc1,0,3.68
1136,N#CC(C#N)=NNc1ccc(OC(F)(F)F)cc1,1,3.68
1137,N#CC(C#N)=NNc1ccc([N+](=O)[O-])cc1,0,2.37
1138,N#CC(C#N)=NNc1ccc([N+](=O)[O-])cc1,1,2.37
1139,N#CC(C#N)=NNc1cccc(Cl)c1,0,3.38
1140,N#CC(C#N)=NNc1cccc(Cl)c1,1,3.38
1141,N#CC(C#N)=NNc1cccc(O)c1,0,2.28
1142,N#CC(C#N)=NNc1cccc(O)c1,1,2.28
1143,N#CC(C#N)=NNc1ccccc1,0,2.64
1144,N#CC(C#N)=NNc1ccccc1,1,2.64
1145,N#CC(C#N)=NNc1ccccc1[N+](=O)[O-],0,2.9
1146,N#CC(C#N)=NNc1ccccc1[N+](=O)[O-],1,2.9
1147,N#CC1(C#N)[C@H](c2ccc(Br)s2)C(C(=O)c2ccccc2)N2c3ccccc3C=C[C@@H]21,1,5.05
1148,N#CC1C(=N)C(C#N)(C#N)[C@@H](c2ccccc2Cl)[C@@H]2CSCC=C12,0,4.5
1149,N#CC1C(=N)OC2=C(C(=O)C[C@H](c3ccccc3)C2)[C@H]1c1ccccc1F,2,3.07
1150,N#CC1C(=N)Oc2[nH]nc(-c3cccs3)c2[C@@H]1C1CCCCC1,2,4.64
1151,N#CC1C(=N)Oc2c(c(=O)oc3ccccc23)[C@H]1c1cccs1,2,2.34
1152,N#CC1C(=N)Oc2c(oc(CO)cc2=O)C1c1ccccc1OCc1ccccc1Cl,1,4.34
1153,N#CCOC(=O)c1ccccc1SCC(=O)N1CCCC1,1,2.57
1154,N#CCSc1nc2ccccc2c(=O)n1-c1ccc(OC(F)F)cc1,0,4.17
1155,N#CCc1nc(-c2ccc3c(c2)OCCCO3)cs1,0,2.68
1156,N#CCc1nc(-c2ccc3c(c2)OCCO3)cs1,0,2.92
1157,N#C[C@@H](Cc1cccs1)c1ncc(C(F)(F)F)cc1Cl,0,4.09
1158,N#Cc1c(SCC(=O)OCc2ccccc2)nsc1SCC(=O)OCc1ccccc1,0,5.6
1159,N#Cc1ccc(C(=O)O)cc1,0,1.56
1160,N#Cc1ccc(CCOCCCS(=O)(=O)CCNCCc2ccc(O)c3[nH]c(=O)sc23)cc1,1,2.0
1161,N#Cc1ccc2c(c1)N(CCCN1CCC(O)CC1)c1ccccc1S2,1,3.52
1162,N#Cc1ccc2nc(-c3ccc(N)cc3)sc2c1,1,1.8
1163,N#Cc1cccc(C(=O)O)c1,0,1.48
1164,N#Cc1nc(N2CCCC2)nc(N(c2ccccc2)c2ccccc2)n1,1,5.38
1165,N#Cc1nc2c(S(=O)(=O)c3ccccc3)c(N)n(Cc3ccc(F)cc3)c2nc1C#N,0,4.86
1166,N=C(N)N=c1[nH]c(CSCCC(=N)NS(N)(=O)=O)cs1,1,-0.56
1167,N=C(N)N=c1[nH]c(CSCCC(=N)NS(N)(=O)=O)cs1,2,-0.56
1168,N=c1[nH]c(=N)[nH]c(=NC2CC2)[nH]1,1,-0.06
1169,N=c1[nH]c(=N)c2nc(-c3ccccc3)c(=N)[nH]c2[nH]1,0,0.98
1170,N=c1[nH]c(=N)c2nc(-c3ccccc3)c(=N)[nH]c2[nH]1,1,0.98
1171,N=c1[nH]c(=N)c2nc(-c3ccccc3)c(=N)[nH]c2[nH]1,2,0.98
1172,N=c1[nH]c(=O)c2ncn(C3OC(CO)C(O)C3O)c2[nH]1,1,-1.89
1173,N=c1[nH]c(=O)c2ncn(COC(CO)CO)c2[nH]1,1,-1.66
1174,N=c1[nH]c(=O)c2ncn(COC(CO)CO)c2[nH]1,2,-1.66
1175,N=c1[nH]c(=O)c2ncn(COCCO)c2[nH]1,1,-1.56
1176,N=c1[nH]c(N)ccc1N=Nc1ccccc1,0,1.73
1177,N=c1[nH]c(SCC(=O)N(CCO)CCO)nc2sc3c(c12)CCCC3,2,3.2
1178,N=c1[nH]c2nc3[nH]c(=N)sc3cc2s1,2,1.56
1179,N=c1c(Cl)c(Cl)[nH]c(C(=O)O)c1Cl,0,0.3
1180,NC(=O)C(C(=O)/C=C/c1ccc(Cl)cc1)=C1SCS1,1,3.64
1181,NC(=O)C1CCN(C(=O)c2ccc3c(=O)n(Cc4ccco4)c(SCC(=O)c4ccccc4)nc3c2)CC1,0,5.31
1182,NC(=O)CC(N)C(=O)NC(Cc1ccccc1)C(=O)O,1,-1.14
1183,NC(=O)CC(N)C(=O)O,1,-3.41
1184,NC(=O)CCC(NC(=O)C(N)Cc1ccccc1)C(=O)O,1,-1.03
1185,NC(=O)CCCN=C(c1ccc(Cl)cc1)c1cc(F)ccc1O,0,2.97
1186,NC(=O)CCCN=C(c1ccc(Cl)cc1)c1cc(F)ccc1O,1,2.97
1187,NC(=O)CCCN=C(c1ccc(Cl)cc1)c1cc(F)ccc1O,2,2.97
1188,NC(=O)c1cc(-n2c(O)c3c(c2O)CC=CC3)ccc1N1CCCCC1,2,3.68
1189,NC(=O)c1cc(NC(=O)c2cc(C(F)(F)F)cc(C(F)(F)F)c2)cc(C(N)=O)c1,0,3.87
1190,NC(=O)c1ccc(CCOCCCS(=O)(=O)CCNCCc2ccc(O)c3[nH]c(=O)sc23)cc1,1,1.1
1191,NC(C=O)C(O)NC(Cc1ccccc1)C(=O)O,1,-0.79
1192,NC(CCC(=O)NC(Cc1ccccc1)C(=O)O)C(=O)O,1,-1.14
1193,NC(Cc1c[nH]c2ccccc12)C(=O)NC(Cc1c[nH]c2ccccc12)C(=O)O,1,-0.27
1194,NC(Cc1c[nH]c2ccccc12)C(=O)NC(Cc1ccc(O)cc1)C(=O)O,1,-1.13
1195,NC(Cc1c[nH]c2ccccc12)C(=O)NC(Cc1ccccc1)C(=O)O,1,-0.47
1196,NC(Cc1ccc(N(CCCl)CCCl)cc1)C(=O)O,1,-0.52
1197,NC(Cc1ccc(O)c(O)c1)C(=O)O,1,-2.74
1198,NC(Cc1ccc(O)c(O)c1)C(=O)OCc1ccccc1,1,1.06
1199,NC(Cc1ccc(O)cc1)C(=O)N1CCCC1C(=O)NCC(=O)NC(Cc1c[nH]c2ccccc12)C(=O)O,1,-1.25
1200,NC(Cc1ccc(O)cc1)C(=O)NC(Cc1ccc(O)cc1)C(=O)O,1,-1.87
1201,NC(Cc1ccc(O)cc1)C(=O)O,1,-2.26
1202,NC(Cc1ccccc1)C(=O)N1CCCC1C(=O)O,1,-1.36
1203,NC(Cc1ccccc1)C(=O)NC(CCC(=O)O)C(=O)NC(Cc1ccccc1)C(=O)O,0,0.65
1204,NC(Cc1ccccc1)C(=O)NC(Cc1c[nH]c2ccccc12)C(=O)NC(Cc1c[nH]cn1)C(=O)O,2,1.0
1205,NC(Cc1ccccc1)C(=O)NC(Cc1ccc(O)cc1)C(=O)O,1,-1.68
1206,NC(Cc1ccccc1)C(=O)NC(Cc1ccccc1)C(=O)NC(Cc1ccccc1)C(=O)NC(Cc1ccccc1)C(=O)O,1,1.63
1207,NC(Cc1ccccc1)C(=O)NC(Cc1ccccc1)C(=O)NC(Cc1ccccc1)C(=O)O,1,-0.02
1208,NC(Cc1ccccc1)C(=O)NC(Cc1ccccc1)C(=O)NCC(=O)NC(Cc1ccccc1)C(=O)O,1,0.17
1209,NC(Cc1ccccc1)C(=O)NC(Cc1ccccc1)C(=O)O,1,-0.85
1210,NC(Cc1ccccc1)C(=O)NCC(=O)NCC(=O)NC(Cc1ccccc1)C(=O)O,1,-1.51
1211,NC(Cc1ccccc1)C(=O)NCC(=O)O,1,-0.5
1212,NC(Cc1ccccc1)C(=O)O.NCCCCC(N)C(=O)O,2,0.14
1213,NCC(=O)NC(Cc1ccccc1)C(=O)NC(Cc1c[nH]cn1)C(=O)O,2,-0.92
1214,NCC(=O)NC(Cc1ccccc1)C(=O)NC(Cc1ccccc1)C(=O)O,1,-1.33
1215,NCC(=O)NC(Cc1ccccc1)C(=O)[O-],1,-0.56
1216,NCCc1ccc(O)c(O)c1,1,-2.0
1217,NCCc1ccc(O)cc1,2,-2.12
1218,NN=c1c(F)c(F)[nH]c(F)c1F,1,0.86
1219,NS(=O)(=O)c1cc(C(=O)O)c(NCc2ccco2)cc1Cl,0,2.56
1220,NS(=O)(=O)c1cc(C(=O)O)c(NCc2ccco2)cc1Cl,1,2.56
1221,NS(=O)(=O)c1cc2c(cc1Cl)N=CNS2(=O)=O,1,-0.24
1222,NS(=O)(=O)c1cc2c(cc1Cl)NCNS2(=O)=O,0,-0.07
1223,NS(=O)(=O)c1cc2c(cc1Cl)NCNS2(=O)=O,1,-0.07
1224,NS(=O)(=O)c1cc2c(cc1Cl)NCNS2(=O)=O,2,-0.07
1225,NS(=O)(=O)c1cc2c(s1)C(=O)CCS2,1,0.91
1226,NS(=O)(=O)c1cc2c(s1)C(=O)CCS2(=O)=O,1,-0.2
1227,NS(=O)(=O)c1cc2c(s1)C(O)CCS2,1,0.48
1228,NS(=O)(=O)c1cc2c(s1)C(O)CCS2(=O)=O,1,-0.59
1229,NS(=O)(=O)c1cc2c(s1)CC(O)CS2(=O)=O,1,-0.7
1230,NS(=O)(=O)c1cc2c(s1)S(=O)(=O)CC(O)C2,1,-0.44
1231,NS(=O)(=O)c1cc2c(s1)S(=O)(=O)CCC2=O,1,-0.04
1232,NS(=O)(=O)c1cc2c(s1)SCCC2=O,1,0.74
1233,NS(=O)(=O)c1cc2c(s1)SCCC2O,1,0.68
1234,NS(=O)(=O)c1nc2ccc(Cl)cc2s1,1,2.1
1235,NS(=O)(=O)c1nc2ccc(O)cc2s1,1,1.13
1236,NS(=O)(=O)c1nc2ccccc2s1,1,1.33
1237,Nc1c(S(=O)(=O)O)ccc2ccccc12,0,-0.97
1238,Nc1ccc(-c2nc3ccc(Br)cc3s2)cc1,1,2.9
1239,Nc1ccc(-c2nc3ccc(O)cc3s2)cc1,1,0.66
1240,Nc1ccc(-c2nc3ccccc3s2)cc1,1,2.0
1241,Nc1ccc(S(=O)(=O)N=c2[nH]cccc2Cl)cc1,1,0.82
1242,Nc1ccc(S(=O)(=O)N=c2[nH]ccs2)cc1,0,0.05
1243,Nc1ccc(S(=O)(=O)N=c2[nH]ccs2)cc1,1,0.05
1244,Nc1ccc(S(=O)(=O)N=c2[nH]ccs2)cc1,2,0.05
1245,Nc1ccc(S(=O)(=O)N=c2cc[nH]n2-c2ccccc2)cc1,0,1.52
1246,Nc1ccc(S(=O)(=O)N=c2cccc[nH]2)cc1,0,0.35
1247,Nc1ccc(S(=O)(=O)N=c2cccc[nH]2)cc1,1,0.35
1248,Nc1ccc(S(=O)(=O)N=c2nccc[nH]2)cc1,0,-0.09
1249,Nc1ccc(S(=O)(=O)N=c2nccc[nH]2)cc1,1,-0.09
1250,Nc1ccc(S(=O)(=O)N=c2nccc[nH]2)cc1,2,-0.09
1251,Nc1ccc(S(N)(=O)=O)cc1,0,-0.62
1252,Nc1ccc(S(N)(=O)=O)cc1,1,-0.62
1253,Nc1ccc2ccccc2c1S(=O)(=O)O,0,-1.16
1254,Nc1cccc2c1C(=O)N(C(=O)c1cc(-c3ccccc3Cl)nc3ccccc13)C2=O,2,4.63
1255,Nc1ccccc1CCOCCS(=O)(=O)CCCNCCc1ccc(O)c2[nH]c(=O)sc12,1,1.17
1256,Nc1ccccc1Nc1ccccc1,2,2.67
1257,Nc1cnn(-c2ccccc2)c(=O)c1Cl,1,1.19
1258,Nn1c(COc2ccccc2)nnc1SC(F)F,1,1.85
1259,Nn1c(SCC(=O)Nc2ccccc2-c2ccccc2)nnc1-c1ccc(OC(F)F)cc1,0,4.85
1260,O=C(/C=C/c1ccc2c(c1)OCO2)NCCCCNC(=O)/C=C/c1ccc2c(c1)OCO2,0,4.59
1261,O=C(/C=C/c1ccc2c(c1)OCO2)Nc1ccc2c(c1)OCO2,0,3.72
1262,O=C(/C=C/c1ccccc1)Nc1ccc(N2CCN(C(=O)c3cccs3)CC2)cc1,1,4.94
1263,O=C(/C=C/c1ccccc1)Nc1cccc(NC(=O)c2cccc(Cl)c2)c1,0,5.53
1264,O=C(/C=C/c1cccs1)Nc1ccc(I)cc1,0,4.67
1265,O=C(C1CCCO1)N1CCN(C(=S)Nc2ccc(Oc3ccccc3)cc2)CC1,1,4.18
1266,O=C(C=Cc1ccco1)Nc1ccccc1NC(=O)/C=C/c1ccco1,0,3.79
1267,O=C(CC=Nc1cccc(C(F)(F)F)c1)c1ccc(Br)cc1,0,5.65
1268,O=C(CCCCCN1C(=O)/C(=C\c2cccs2)SC1=S)N1CCOCC1,1,4.92
1269,O=C(CCCCCNCCc1ccc(O)c2[nH]c(=O)sc12)NCCc1ccccc1,1,1.29
1270,O=C(CCCN1CCC(O)(c2ccc(Cl)cc2)CC1)c1ccc(F)cc1,0,3.36
1271,O=C(CCCN1CCC(O)(c2ccc(Cl)cc2)CC1)c1ccc(F)cc1,1,3.83
1272,O=C(CCCN1CCC(O)(c2ccc(Cl)cc2)CC1)c1ccc(F)cc1,2,3.36
1273,O=C(CCCOCCc1ccccc1)NCCNCCc1ccc(O)c2[nH]c(=O)sc12,1,1.55
1274,O=C(CCOCCCc1ccccc1)NCCNCCc1ccc(O)c2[nH]c(=O)sc12,1,1.91
1275,O=C(CCOCCc1ccccc1)NCCNCCc1ccc(O)c2[nH]c(=O)sc12,1,1.34
1276,O=C(CN1C(=O)/C(=C2\SC(=S)N(Cc3ccco3)C2=O)c2ccccc21)Nc1ccc(F)cc1,1,6.36
1277,O=C(CN1C(=O)c2ccccc2S1(=O)=O)Nc1ccc(S(=O)(=O)N2CCCCCC2)cc1,0,4.73
1278,O=C(COC(=O)/C=C/c1ccc(F)cc1)Nc1cc(C(F)(F)F)ccc1N1CCOCC1,0,5.08
1279,O=C(COC(=O)c1cccc(N2C(=O)c3ccccc3C2=O)c1)c1ccc(F)cc1,0,4.68
1280,O=C(COC(=O)c1cccc(S(=O)(=O)N2CCc3ccccc32)c1)Nc1ccc(F)c(F)c1F,0,5.31
1281,O=C(COC(=O)c1ccccc1F)Nc1ccccc1,0,3.18
1282,O=C(COc1ccc2ccccc2c1)N1CCN(S(=O)(=O)c2ccc3c(c2)OCCO3)CC1,0,4.47
1283,O=C(COc1nnc(SCC(=O)c2ccc3c(c2)OCCO3)n1C1Cc2ccccc2C1)c1ccc(F)cc1,1,5.47
1284,O=C(CS(=O)(=O)Cc1ccccc1)Nc1ccc2c(c1)OCCO2,0,3.19
1285,O=C(CSc1nc2ccccc2c(=O)n1-c1ccc(Cl)cc1)NC1CCCCC1,1,4.92
1286,O=C(CSc1nc2ccccc2s1)c1cccs1,0,4.04
1287,O=C(CSc1ncnc2sc3c(c12)CCC3)Nc1ccc(F)cc1,1,4.69
1288,O=C(CSc1nnc(-c2ccccc2)n1-c1ccccc1)N1CCN(C(=O)c2ccccc2)CC1,2,4.64
1289,O=C(CSc1nnc(-c2ccccc2F)n1CCc1ccccc1)N1CCOCC1,1,3.79
1290,O=C(CSc1nnc(-c2cccs2)o1)NCCn1c(O)csc1=O,0,2.31
1291,O=C(CSc1nnc2c3ccccc3n(Cc3ccccc3)c2n1)OCN1C(=O)c2ccccc2C1=O,1,4.51
1292,O=C(Cc1coc2cc3c(cc12)CCC3)OC1CCCCC1=O,0,4.43
1293,O=C(Cn1c(=O)n(-c2ccccc2)c(=O)n1CC(=O)N1CCCCC1)N1CCCCC1,0,2.78
1294,O=C(Cn1cc(C(=O)C(F)(F)F)c2cc(Br)ccc21)N1CCCCCC1,0,4.62
1295,O=C(Cn1cc(C(F)(F)F)cc(Cl)c1=O)N1CCN(C(=O)c2ccco2)CC1,0,2.27
1296,O=C(Cn1ccnc1[N+](=O)[O-])NCc1ccccc1,1,0.91
1297,O=C(Cn1cnnn1)N(Cc1ccco1)Cc1cccs1,0,4.33
1298,O=C(Cn1nnc2c(O)n(-c3ccc(Cl)cc3Cl)c(O)c21)Nc1ccccc1,1,4.3
1299,O=C(N=c1cc[nH]c(Cl)c1)Nc1ccccc1,1,3.2
1300,O=C(N=c1cn[nH]s1)Nc1ccccc1,1,1.77
1301,O=C(NC(Cc1ccc(Cl)cc1)C(=O)N=Cc1ccccc1)c1ccccc1,0,4.41
1302,O=C(NC(Sc1ncccn1)C(=O)c1ccccc1)c1ccccc1,0,3.62
1303,O=C(NC1CC1)c1ccc(COc2c(F)c(F)cc(F)c2F)o1,0,3.54
1304,O=C(NC1CCCC1)C1c2ccccc2Oc2ccccc21,0,3.95
1305,O=C(NCC1CCCO1)c1cc2nc(C3CC3)cc(C(F)(F)F)n2n1,0,3.33
1306,O=C(NCCCCCCNCCc1ccc(O)c2[nH]c(=O)sc12)Nc1ccccc1,1,1.26
1307,O=C(NCCCNCCCNc1n[n+]([O-])c2ccccc2[n+]1[O-])c1cccc2cc3ccccc3nc12,1,0.88
1308,O=C(NCCNCCN=c1[nH][n+]([O-])c2ccccc2[n+]1[O-])c1cccc2cc3ccccc3nc12,1,1.36
1309,O=C(NCCOCCN=c1[nH][n+]([O-])c2ccccc2[n+]1[O-])c1cccc2cc3ccccc3nc12,1,1.84
1310,O=C(NCCc1ccccc1)c1ccc(Cl)cc1,0,3.71
1311,O=C(NC[C@@H]1CCCO1)c1sc2ccccc2c1Cl,0,3.56
1312,O=C(NCc1ccc(F)cc1)c1nn2c(c1Br)NC(c1cccs1)C[C@H]2C(F)(F)F,0,5.54
1313,O=C(NN1CCCCCC1)NS(=O)(=O)c1ccc(Cl)cc1,1,1.64
1314,O=C(Nc1ccc(C(F)(F)F)cc1)C1CCc2ccccc2O1,0,4.5
1315,O=C(Nc1ccc(N2CCN(C(=O)c3ccco3)CC2)c(Cl)c1)c1c(F)c(F)c(F)c(F)c1F,1,5.85
1316,O=C(Nc1ccc(OC(F)F)cc1)c1ccc(COc2ccc(I)cc2)o1,0,5.99
1317,O=C(Nc1ccc(S(=O)(=O)c2ccc(NC(=O)c3cccs3)cc2)cc1)c1cccs1,0,4.46
1318,O=C(Nc1ccc([N+](=O)[O-])cc1Cl)c1cc(Cl)ccc1O,1,1.0
1319,O=C(Nc1ccc([N+](=O)[O-])cc1Cl)c1cc(Cl)ccc1O,2,4.19
1320,O=C(Nc1ccc2c(c1)OCO2)C1COc2ccccc2O1,0,3.28
1321,O=C(Nc1cccc(-c2cnc3ccccc3n2)c1)c1cccs1,1,4.34
1322,O=C(Nc1cccc(Cl)c1)c1cc2n(n1)[C@H](C(F)(F)F)CC(c1ccccc1)N2,0,5.92
1323,O=C(Nc1ccccc1C(F)(F)F)C1CCC1,0,2.55
1324,O=C(Nc1ccccc1C(F)(F)F)NC1CCCCC1,0,4.0
1325,O=C(O)/C=C/c1ccccc1,0,2.13
1326,O=C(O)/C=C\c1ccccc1,0,2.13
1327,O=C(O)C(=O)CC(O)O,0,-1.26
1328,O=C(O)C(Cc1ccccc1)NC(=O)C1CCCN1,1,-2.07
1329,O=C(O)C1CCCN1,1,-2.5
1330,O=C(O)CCC(=O)c1ccc(-c2ccccc2)cc1,0,3.14
1331,O=C(O)CCC(=O)c1ccc(-c2ccccc2)cc1,1,3.14
1332,O=C(O)CCCNC(=O)NC12CC3CC(CC(C3)C1)C2,1,0.14
1333,O=C(O)CCCOc1ccc(Cl)cc1Cl,0,3.53
1334,O=C(O)COc1ccc(Cl)cc1Cl,0,2.81
1335,O=C(O)Cc1ccccc1Nc1c(Cl)cccc1Cl,0,4.4
1336,O=C(O)Cc1ccccc1Nc1c(Cl)cccc1Cl,1,4.4
1337,O=C(O)Cc1ccccc1Oc1ccc(Cl)cc1Cl,0,4.8
1338,O=C(O)Cc1sc(-c2ccccc2)nc1-c1ccc(Cl)cc1,0,5.19
1339,O=C(O)c1cc(-c2ccc(F)cc2F)ccc1O,0,4.44
1340,O=C(O)c1cc(-c2ccc(F)cc2F)ccc1O,1,4.44
1341,O=C(O)c1ccc(C(=O)O)cc1,0,2.0
1342,O=C(O)c1ccc2ccccc2c1,0,3.28
1343,O=C(O)c1ccc[nH]c1=Nc1cccc(C(F)(F)F)c1,0,1.59
1344,O=C(O)c1ccc[nH]c1=Nc1cccc(C(F)(F)F)c1,1,1.59
1345,O=C(O)c1cccc(C(=O)O)c1,0,1.66
1346,O=C(O)c1ccccc1,0,1.87
1347,O=C(O)c1ccccc1,1,1.87
1348,O=C(O)c1ccccc1I,0,2.4
1349,O=C(O)c1ccccc1Nc1cccc(C(F)(F)F)c1,0,5.25
1350,O=C(O)c1ccccc1Nc1cccc(C(F)(F)F)c1,1,5.25
1351,O=C(O)c1ccccc1O,0,2.26
1352,O=C(O)c1ccsc1,0,1.5
1353,O=C(OCC(=O)N(C1CCCCC1)C1CCCCC1)c1ccc(Cl)nc1,0,4.99
1354,O=C(OCC(=O)N1CCC(Cc2ccccc2)CC1)C1CCCCC1,0,4.98
1355,O=C(OCC(=O)N1CCCC1)c1c2ccccc2cc2ccccc12,0,4.09
1356,O=C(OCC(=O)N1CCCC1C(=O)O)c1ccccc1,0,1.02
1357,O=C(OCCCl)n1cc(F)c(=O)[nH]c1=O,0,0.02
1358,O=C(OCCN1C(=O)c2ccccc2C1=O)C1C[C@H](O)CN1S(=O)(=O)c1ccc(Cl)cc1,0,3.65
1359,O=C(OCc1c(F)cccc1Cl)c1cccc(S(=O)(=O)N2CCCC2)c1,0,4.22
1360,O=C(OCc1ccccc1)n1cc(F)c(=O)[nH]c1=O,0,1.18
1361,O=C(OCn1c(=O)[nH]cc(F)c1=O)Oc1ccccc1,0,1.11
1362,O=C(Oc1ccc2cc(-c3nc4ccccc4s3)c(=O)oc2c1)c1ccccc1,2,5.7
1363,O=C(Oc1ccccc1)n1c(=O)[nH]cc(F)c1=O,0,1.73
1364,O=C(Oc1ccccc1)n1cc(F)c(=O)[nH]c1=O,0,0.64
1365,O=C(c1c(F)cccc1F)N1CCCC1,0,1.88
1366,O=C(c1cc2ccccc2s1)N1CCCN(c2ccc(C(F)(F)F)cn2)CC1,2,4.92
1367,O=C(c1ccc(Cl)cc1)N(Cc1ccc(Cl)c(Cl)c1)n1c(O)c2c(c1O)CCCC2,1,5.51
1368,O=C(c1ccc(Cl)cc1)c1cc(F)ccc1O,0,4.04
1369,O=C(c1ccc(Cl)cc1)c1cc(F)ccc1O,1,4.04
1370,O=C(c1ccc(Cl)cc1)c1cc(F)ccc1O,2,4.04
1371,O=C(c1ccc(F)cc1)C1CC1,0,2.61
1372,O=C(c1ccc2c(c1)C(=O)N(c1nccs1)C2=O)c1ccc2c(c1)C(=O)N(c1nccs1)C2=O,2,3.25
1373,O=C(c1cccc(COCC(F)(F)C(F)F)c1)N1CC[C@@H](C(F)(F)F)n2nccc21,0,4.27
1374,O=C(c1cccc(S(=O)(=O)N2CCOCC2)c1)N1CCN(c2cccc(Cl)c2)CC1,1,4.34
1375,O=C(c1ccccc1)N1CCCCC(Sc2nnc3ccccn23)C1=O,2,3.14
1376,O=C(c1ccccc1)c1ccc(N2CCN(C(=O)c3c(F)cccc3F)CC2)c(F)c1,1,5.14
1377,O=C(c1cccnc1)N1CCN(S(=O)(=O)c2ccccc2)CC1,1,2.3
1378,O=C(c1nn(-c2ccccc2)c(=O)c2ccccc12)N1CCOCC1,1,2.47
1379,O=C(c1nn2c(c1Br)NC(c1cccs1)C[C@H]2C(F)(F)F)N1CCCC1,0,4.47
1380,O=C(c1sc2cc(Cl)ccc2c1Cl)N1CCN(C(=S)NC[C@H]2CCCO2)CC1,0,4.83
1381,O=C1/C(=C/c2c(Sc3ccccc3)nc3ccccn3c2=O)SC(=S)N1C[C@H]1CCCO1,0,5.87
1382,O=C1/C(=C/c2ccsc2)SC(=S)N1c1cccc(C(F)(F)F)c1,0,5.8
1383,O=C1C(=O)N(OCc2ccc(Br)cc2)[C@H]2CCCC[C@@H]2N1OCc1ccc(Br)cc1,1,5.49
1384,O=C1C(c2cccc(Br)c2)N(CCC2=CCCCC2)C(=O)CN1C1CCCCC1,0,5.6
1385,O=C1C2OC[C@H](O2)[C@H]2C1[C@@H]1C=C[C@H]2C1,0,1.48
1386,O=C1C2[C@@H]3C[C@H]4[C@@H]5[C@@H]([C@H]1[C@@H]53)C1(OCCO1)[C@@H]24,0,0.51
1387,O=C1CC2OCC=C3CN4CCC56c7ccccc7N1C5C2C3CC46,2,1.93
1388,O=C1CCC(N2C(=O)c3ccccc3C2=O)C(=O)N1,1,0.33
1389,O=C1CCC2(O)C3Cc4ccc(O)c5c4C2(CCN3CC2CC2)C1O5,1,1.92
1390,O=C1CCC=C2OC3=CCCC(=O)C3C(c3ccc(OCc4ccccc4F)cc3)C12,0,4.92
1391,O=C1CC[C@H]2CCCC[C@@]2(O)O1,0,1.16
1392,O=C1C[C@@H](c2c(F)cccc2Cl)c2cc3c(cc2N1)OCCO3,0,3.96
1393,O=C1C[C@@H](n2nc(-c3ccccc3)n(-c3ccccc3)c2=S)[C@@H]2COC1O2,1,3.65
1394,O=C1NC(=O)C(c2ccccc2)(c2ccc(O)cc2)N1,0,1.72
1395,O=C1NC(=O)C(c2ccccc2)(c2ccc(O)cc2)N1,1,1.72
1396,O=C1NC(=O)C(c2ccccc2)(c2ccccc2)N1,0,2.24
1397,O=C1NC(=O)C(c2ccccc2)(c2ccccc2)N1,1,2.1100000000000003
1398,O=C1NC(=O)C(c2ccccc2)(c2ccccc2)N1,2,2.1100000000000003
1399,O=C1NC(=O)c2ccccc21,0,1.15
1400,O=C1Nc2cc(C(=O)NC3CC3)ccc2S/C1=C\c1ccccc1,0,4.32
1401,O=C1c2ccc(-c3ccc4c(c3)C(=O)N(CCO)C4=O)cc2C(=O)N1CCO,0,3.19
1402,O=C1c2ccc(Oc3cccc(Oc4ccc5c(c4)C(=O)N(CCO)C5=O)c3)cc2C(=O)N1CCO,0,4.61
1403,O=C1c2ccccc2C(=O)C12O[C@@H](c1ccccc1)c1c2c(O)n(-c2ccccc2)c1O,0,4.0
1404,O=C1c2ccccc2C(=O)N1c1ccccc1C(F)(F)F,0,3.55
1405,O=C1c2ccccc2C(=O)N1c1ccccc1S(=O)C(F)(F)F,0,3.3
1406,O=P(OCC(F)(F)F)(OCC(F)(F)F)N1CCOCC1,0,2.69
1407,O=P(Oc1ccccc1)(Oc1ccccc1)O[C@@H]1C=CS(=O)(=O)C1,1,2.48
1408,O=S(=O)(/C=C/C=C/Sc1ccccc1)c1ccccc1,0,4.03
1409,O=S(=O)(/N=C\c1ccc(Br)cc1)c1cccs1,0,2.14
1410,O=S(=O)(Oc1ccccc1[C@@H]1c2c(c(O)n(-c3ccc(Cl)cc3)c2O)ON1c1ccccc1)c1ccccc1,1,6.47
1411,O=[N+]([O-])c1cc(C2CCCCC2)c(O)c([N+](=O)[O-])c1,0,4.12
1412,O=[N+]([O-])c1cc(C2CCCCC2)c(O)c([N+](=O)[O-])c1,1,4.12
1413,O=[N+]([O-])c1cccc([N+](=O)[O-])c1O,0,1.37
1414,O=[PH](=O)(O)c1ccccc1,0,0.54
1415,O=c1[nH]c(=O)n(C2CC(O)C(CO)O2)cc1I,1,-0.96
1416,O=c1[nH]c(O)cn1/N=C/c1ccc([N+](=O)[O-])o1,0,-0.47
1417,O=c1[nH]c(O)cn1/N=C/c1ccc([N+](=O)[O-])o1,1,-0.47
1418,O=c1[nH]c2c(O)ccc(CCNCCC(F)(F)CCCOCCc3ccccc3)c2s1,1,3.26
1419,O=c1[nH]c2c(O)ccc(CCNCCCCCCNCC(F)(F)c3ccccc3)c2s1,1,1.57
1420,O=c1[nH]c2c(O)ccc(CCNCCCCCCOCCc3ccccc3)c2s1,1,2.73
1421,O=c1[nH]c2c(O)ccc(CCNCCCCCCS(=O)(=O)CCc3ccccc3)c2s1,1,1.44
1422,O=c1[nH]c2c(O)ccc(CCNCCCNS(=O)(=O)CCOCCc3ccccc3)c2s1,1,1.22
1423,O=c1[nH]c2c(O)ccc(CCNCCCNS(=O)(=O)CCOCc3cccc4ccccc34)c2s1,1,1.69
1424,O=c1[nH]c2c(O)ccc(CCNCCCOCCOCCc3ccccc3)c2s1,1,1.19
1425,O=c1[nH]c2c(O)ccc(CCNCCCOCCSCCc3ccccc3)c2s1,1,1.73
1426,O=c1[nH]c2c(O)ccc(CCNCCCS(=O)(=O)CCCOCCc3ccccc3)c2s1,1,1.495
1427,O=c1[nH]c2c(O)ccc(CCNCCCS(=O)(=O)CCNCCOc3ccccc3)c2s1,1,0.9
1428,O=c1[nH]c2c(O)ccc(CCNCCCS(=O)(=O)CCOCCCc3ccccc3)c2s1,1,2.1
1429,O=c1[nH]c2c(O)ccc(CCNCCCS(=O)(=O)CCOCCOc3ccccc3)c2s1,1,1.13
1430,O=c1[nH]c2c(O)ccc(CCNCCCS(=O)(=O)CCOCCc3cccc4ccccc34)c2s1,1,2.54
1431,O=c1[nH]c2c(O)ccc(CCNCCCS(=O)(=O)CCOCCc3ccccc3)c2s1,1,1.37
1432,O=c1[nH]c2c(O)ccc(CCNCCCS(=O)(=O)CCOCCc3ccccc3[N+](=O)[O-])c2s1,1,1.37
1433,O=c1[nH]c2c(O)ccc(CCNCCCS(=O)(=O)CCOCc3ccccc3)c2s1,1,1.15
1434,O=c1[nH]c2c(O)ccc(CCNCCCS(=O)(=O)CCSCCc3ccccc3)c2s1,1,2.34
1435,O=c1[nH]c2c(O)ccc(CCNCCCS(=O)(=O)NCCOCCSc3ccccc3)c2s1,1,1.84
1436,O=c1[nH]c2c(O)ccc(CCNCCCS(=O)(=O)NCCOCCc3ccc(F)cc3)c2s1,1,1.57
1437,O=c1[nH]c2c(O)ccc(CCNCCCS(=O)(=O)NCCOCCc3cccc(C(F)(F)F)c3)c2s1,1,2.62
1438,O=c1[nH]c2c(O)ccc(CCNCCCS(=O)(=O)NCCOCCc3cccc(Cl)c3)c2s1,1,1.92
1439,O=c1[nH]c2c(O)ccc(CCNCCCS(=O)(=O)NCCOCCc3ccccc3)c2s1,1,1.46
1440,O=c1[nH]c2c(O)ccc(CCNCCCS(=O)(=O)NCCOCc3ccccc3)c2s1,1,1.11
1441,O=c1[nH]c2c(O)ccc(CCNCCCS(=O)(=O)NCCSCCc3ccccc3)c2s1,1,1.77
1442,O=c1[nH]c2c(O)ccc(CCNCCCS(=O)CCOCCc3ccccc3)c2s1,1,1.12
1443,O=c1[nH]c2c(O)ccc(CCNCCCSCCOCCCc3ccccc3)c2s1,1,2.8
1444,O=c1[nH]c2c(O)ccc(CCNCCCSCCOCCOc3ccccc3)c2s1,1,2.11
1445,O=c1[nH]c2c(O)ccc(CCNCCCSCCOCCc3ccccc3)c2s1,1,2.92
1446,O=c1[nH]c2c(O)ccc(CCNCCCSCCOCc3ccccn3)c2s1,1,0.83
1447,O=c1[nH]c2c(O)ccc(CCNCCNCCCOCCc3ccccc3)c2s1,1,0.88
1448,O=c1[nH]c2c(O)ccc(CCNCCNS(=O)(=O)CCCOCCc3ccccc3)c2s1,1,1.83
1449,O=c1[nH]c2c(O)ccc(CCNCCNS(=O)(=O)CCOCCCc3ccccc3)c2s1,1,2.22
1450,O=c1[nH]c2c(O)ccc(CCNCCNS(=O)(=O)CCOCCc3ccccc3)c2s1,1,1.56
1451,O=c1[nH]c2c(O)ccc(CCNCCOCCCOCCc3ccccc3)c2s1,1,2.06
1452,O=c1[nH]c2c(O)ccc(CCNCCS(=O)(=O)CCCOCCCCc3ccccc3)c2s1,1,3.62
1453,O=c1[nH]c2c(O)ccc(CCNCCS(=O)(=O)CCCOCCCc3ccccc3)c2s1,1,3.13
1454,O=c1[nH]c2c(O)ccc(CCNCCS(=O)(=O)CCCOCCNc3ccccc3)c2s1,1,1.98
1455,O=c1[nH]c2c(O)ccc(CCNCCS(=O)(=O)CCCOCCSc3ccccc3)c2s1,1,2.68
1456,O=c1[nH]c2c(O)ccc(CCNCCS(=O)(=O)CCCOCCc3cc4ccccc4o3)c2s1,1,2.86
1457,O=c1[nH]c2c(O)ccc(CCNCCS(=O)(=O)CCCOCCc3ccc(Br)cc3)c2s1,1,3.36
1458,O=c1[nH]c2c(O)ccc(CCNCCS(=O)(=O)CCCOCCc3ccc(F)cc3)c2s1,1,2.67
1459,O=c1[nH]c2c(O)ccc(CCNCCS(=O)(=O)CCCOCCc3ccc(NS(=O)(=O)c4ccccc4)cc3)c2s1,1,2.88
1460,O=c1[nH]c2c(O)ccc(CCNCCS(=O)(=O)CCCOCCc3ccc(O)cc3)c2s1,1,1.91
1461,O=c1[nH]c2c(O)ccc(CCNCCS(=O)(=O)CCCOCCc3ccc([N+](=O)[O-])cc3)c2s1,1,2.32
1462,O=c1[nH]c2c(O)ccc(CCNCCS(=O)(=O)CCCOCCc3ccccc3)c2s1,1,2.51
1463,O=c1[nH]c2c(O)ccc(CCNCCS(=O)(=O)CCCOCCc3ccccn3)c2s1,1,0.95
1464,O=c1[nH]c2c(O)ccc(CCNCCS(=O)(=O)CCCOCCc3nccc4ccccc34)c2s1,1,2.35
1465,O=c1[nH]c2c(O)ccc(CCNCCS(=O)(=O)CCCOCCc3nccs3)c2s1,1,2.35
1466,O=c1[nH]c2c(O)ccc(CCNCCS(=O)(=O)NCCOCCc3ccccc3)c2s1,1,2.38
1467,O=c1[nH]c2c(O)ccc(CCNCCSCCCOCCCc3ccccc3)c2s1,1,3.61
1468,O=c1[nH]c2c(O)ccc(CCNCCSCCCOCCc3ccc(NS(=O)(=O)c4ccccc4)cc3)c2s1,1,3.52
1469,O=c1[nH]c2c(O)ccc(CCNCCSCCCOCCc3ccc([N+](=O)[O-])cc3)c2s1,1,3.29
1470,O=c1[nH]c2c(O)ccc(CCNCCSCCCOCCc3ccccc3)c2s1,1,2.86
1471,O=c1[nH]c2c(O)ccc(CCNCCSCCCOCCc3ccccn3)c2s1,1,1.75
1472,O=c1[nH]c2ccccc2nc1CC(O)Nc1ccccc1NC(O)Cc1nc2ccccc2[nH]c1=O,1,3.42
1473,O=c1[nH]cc(F)c(=O)[nH]1,0,-0.89
1474,O=c1[nH]cnc2[nH]cnc12,0,-1.11
1475,O=c1c(Cc2c(O)oc3ccccc3c2=O)c(O)oc2ccccc12,1,2.07
1476,O=c1c(NC(O)c2ccc(Cl)cc2)cc2c(O)cccc2n1CCN=c1[nH]cc(C(F)(F)F)cc1Cl,1,5.83
1477,O=c1cc(C(O)Nc2ccccc2)s/c(=N\c2ccc(F)cc2)n1Cc1ccccc1,1,6.0
1478,OC(c1ccc(F)cc1)(c1cncnc1)c1ccccc1Cl,1,2.2
1479,OCC#CC(O)(c1ccc(F)cc1)c1ccc(F)cc1,0,3.61
1480,OCCN1CCN(CCCN2c3ccccc3Sc3ccc(C(F)(F)F)cc32)CC1,1,4.36
1481,OC[C@@H](O)Cn1c(SCCSc2nc3ccccc3n2C[C@H](O)CO)nc2ccccc21,2,3.29
1482,OC[C@H]1CCCN(c2ncnc3scc(-c4ccccc4)c23)C1,2,3.9
1483,Oc1c(CSCc2ccccc2)[nH]c(=S)n1C1CCCCC1,0,4.58
1484,Oc1c(Cl)cc(Cl)c(Cl)c1Cl,0,4.45
1485,Oc1c2c(c(O)n1-c1nccs1)C1c3ccccc3C2c2ccccc21,2,3.83
1486,Oc1cccc2cccnc12,0,1.96
1487,Oc1cccc2cccnc12,1,1.96
1488,Oc1cccc2cccnc12,2,1.96
1489,Oc1ccccc1-c1ccccc1,1,3.09
1490,Oc1ccccc1-c1ccccc1,2,3.09
1491,[NH3+]C(Cc1c[nH]c2ccccc12)C(=O)NCC(=O)NCC(=O)[O-],1,-2.72
1492,[NH3+]C(Cc1ccc(O)cc1)C(=O)NC(Cc1ccccc1)C(=O)[O-],1,0.54
1493,[NH3+]C(Cc1ccc(O)cc1)C(=O)NCC(=O)NC(Cc1ccccc1)C(=O)[O-],1,-1.86
1494,[O-][n+]1[nH]c(=NCCCCCCN=c2c3ccccc3[nH]c3ccccc23)[n+]([O-])c2ccccc21,1,1.69
1495,[O-][n+]1nc(-n2ccnc2)nc2ccc(Cl)cc21,0,2.04
1496,c1ccc(-n2nnnc2OCCOc2nnnn2-c2ccccc2)cc1,0,3.72
1497,c1ccc2[nH]c(-c3cscn3)nc2c1,0,2.47
1498,c1ccc2[nH]c(-c3cscn3)nc2c1,1,2.47
1499,c1ccc2c(c1)OCCOCCOCCO2,0,1.81
1500,c1ccc2c(c1)[nH]c(=NCCCN1CCN(CCCN=c3[nH]c4ccccc4n4cccc34)CC1)c1cccn12,1,2.52
1501,c1cnc2c(c1)[nH]c(=NCCCN1CCN(CCCN=c3[nH]c4cccnc4n4cccc34)CC1)c1cccn12,1,5.05
1502,c1nc(=NC2CCCC2)c2c3c(sc2[nH]1)CCCC3,2,4.17
1503,n1onc2c1NC1Nc3nonc3NC1N2,1,0.3
